,count+mnb,count+svm,count+mlp,tfidf+mnb, tfidf+svm, tfidf+mlp,sum
web ,1,1,1,1,1,1,6
web ,1,1,1,1,1,1,6
web ,1,1,1,1,1,1,6
web ,1,1,1,1,1,1,6
web ,1,1,1,1,1,1,6
web ,1,1,1,1,1,1,6
web ,1,1,1,1,1,1,6
web ,1,1,1,1,1,1,6
web ,1,1,1,1,1,1,6
web ,1,1,1,1,1,1,6
web ,1,1,1,1,1,1,6
web ,1,1,1,1,1,1,6
web ,1,1,1,1,1,1,6
web ,1,1,1,1,1,1,6
web ,1,1,1,1,1,1,6
web ,1,1,1,1,1,1,6
web ,1,1,1,1,1,1,6
web ,1,1,1,1,1,1,6
web ,1,1,1,1,1,1,6
web ,1,1,1,1,1,1,6
web ,1,1,1,1,1,1,6
web ,1,1,1,1,1,1,6
web ,1,1,1,1,1,1,6
web ,1,1,1,1,1,1,6
web ,1,1,1,1,1,1,6
web ,1,1,1,1,1,1,6
web ,1,1,1,1,1,1,6
web ,1,1,1,1,1,1,6
web ,1,1,1,1,1,1,6
web ,1,1,1,1,1,1,6
web ,1,1,1,1,1,0,5
web ,1,1,0,1,1,1,5
web ,1,1,0,1,1,1,5
web ,1,1,1,1,1,0,5
web ,1,1,0,1,1,1,5
web ,1,1,1,1,1,0,5
web ,1,1,1,1,1,0,5
web ,1,1,1,1,1,0,5
web ,1,1,1,1,1,0,5
web ,1,1,0,1,1,1,5
web ,1,1,1,1,1,0,5
web ,1,1,0,1,1,1,5
web ,1,1,1,1,1,0,5
web ,1,1,1,1,1,0,5
web ,1,1,1,1,1,0,5
web ,1,1,0,1,1,1,5
web ,1,1,1,1,1,0,5
web ,1,1,1,1,1,0,5
web ,1,1,1,1,1,0,5
web ,1,1,0,1,1,1,5
web ,1,1,0,1,1,1,5
web ,1,1,0,1,1,1,5
web ,1,1,1,1,1,0,5
web ,1,1,1,1,1,0,5
web ,1,1,0,1,1,1,5
web ,1,1,1,1,1,0,5
web ,1,1,1,1,1,0,5
web ,0,1,0,1,1,1,4
web ,1,1,0,1,1,0,4
web ,1,1,0,1,1,0,4
web ,1,1,0,1,1,0,4
web ,1,1,0,1,1,0,4
web ,1,1,0,1,1,0,4
web ,1,1,0,1,1,0,4
web ,1,1,0,1,1,0,4
web ,1,1,0,1,1,0,4
web ,1,1,0,1,1,0,4
web ,1,1,0,1,1,0,4
web ,1,1,0,1,1,0,4
web ,1,1,0,1,1,0,4
web ,1,1,0,1,1,0,4
web ,1,1,0,1,1,0,4
web ,1,1,0,1,1,0,4
web ,1,1,0,1,1,0,4
web ,1,1,0,1,1,0,4
web ,1,1,0,1,1,0,4
web ,1,1,0,1,1,0,4
web ,1,1,0,1,1,0,4
web ,1,1,0,1,1,0,4
web ,1,1,0,1,1,0,4
web ,1,1,0,1,1,0,4
web ,1,1,0,1,1,0,4
web ,1,1,0,1,1,0,4
api ,1,1,1,0,0,1,4
web ,1,1,0,1,1,0,4
web ,1,1,0,1,1,0,4
web ,1,1,0,1,1,0,4
web ,1,1,0,1,1,0,4
web ,1,1,0,1,1,0,4
web ,1,1,0,1,1,0,4
web ,1,1,0,1,1,0,4
web ,1,1,0,1,1,0,4
web ,1,1,0,1,1,0,4
web ,1,1,0,1,1,0,4
web ,1,1,0,1,1,0,4
web ,1,1,0,1,1,0,4
web ,1,1,0,1,1,0,4
web ,1,1,0,1,1,0,4
web ,1,1,0,1,1,0,4
java ,1,0,1,0,0,1,3
api ,1,0,1,0,0,1,3
java ,1,0,1,0,0,1,3
server ,1,0,1,0,0,1,3
web ,0,1,0,1,1,0,3
.net ,1,0,1,0,0,1,3
web ,0,1,0,1,1,0,3
java ,1,0,1,0,0,1,3
web ,0,1,0,1,1,0,3
.net ,0,1,1,0,0,1,3
java ,1,0,1,0,0,1,3
java ,1,0,1,0,0,1,3
ios ,1,0,1,0,0,1,3
web ,0,1,0,1,1,0,3
web ,0,1,0,1,1,0,3
web ,0,1,0,1,1,0,3
java ,1,0,1,0,0,1,3
.net ,1,0,1,0,0,1,3
web ,0,1,0,1,1,0,3
s ,1,0,1,0,0,1,3
java ,1,1,1,0,0,0,3
server ,1,0,1,0,0,1,3
java ,1,0,1,0,0,1,3
web ,0,1,0,1,1,0,3
jquery ,0,0,1,0,0,1,2
api ,0,0,1,0,0,1,2
python ,0,0,1,0,0,1,2
server ,0,0,1,0,0,1,2
s ,0,0,1,0,0,1,2
structured-data ,0,0,1,0,0,1,2
facebook ,0,0,1,0,0,1,2
java ,0,0,1,0,0,1,2
qt ,0,0,1,0,0,1,2
sqlite ,0,0,1,0,0,1,2
open-source ,0,0,1,0,0,1,2
java ,1,0,0,0,0,1,2
ios ,0,0,1,0,0,1,2
python ,0,0,1,0,0,1,2
python ,0,0,1,0,0,1,2
android ,0,0,1,0,0,1,2
server ,1,0,0,0,0,1,2
api ,0,0,1,0,0,1,2
android ,0,0,1,0,0,1,2
.net ,0,1,0,0,0,1,2
android ,0,0,1,0,0,1,2
android ,0,0,1,0,0,1,2
markup ,0,0,1,0,0,1,2
javascript ,0,0,1,0,0,1,2
ios ,0,0,1,0,0,1,2
android ,0,0,1,0,0,1,2
cakephp ,0,0,1,0,0,1,2
drupal ,0,0,1,0,0,1,2
.net ,0,0,1,0,0,1,2
gnu ,0,0,1,0,0,1,2
gnu ,0,0,1,0,0,1,2
wysiwyg ,0,0,1,0,0,1,2
drupal ,0,0,1,0,0,1,2
android ,0,0,1,0,0,1,2
markup ,0,0,1,0,0,1,2
html ,0,0,1,0,0,1,2
s ,0,0,1,0,0,1,2
.net ,0,0,1,0,0,1,2
http ,0,0,1,0,0,1,2
file-format ,0,0,1,0,0,1,2
.net ,0,0,1,0,0,1,2
web ,0,0,0,1,1,0,2
cakephp ,0,0,1,0,0,1,2
javascript ,0,0,1,0,0,1,2
api ,0,0,1,0,0,1,2
android ,0,0,1,0,0,1,2
operating-system ,0,0,1,0,0,1,2
hadoop ,0,0,1,0,0,1,2
.net ,0,0,1,0,0,0,1
wysiwyg ,0,0,1,0,0,0,1
s ,0,0,0,0,0,1,1
php ,0,0,0,0,0,1,1
visual-studio ,0,0,0,0,0,1,1
.net ,0,0,0,0,0,1,1
java ,0,0,1,0,0,0,1
s ,0,0,0,0,0,1,1
dart ,0,0,1,0,0,0,1
open-source ,0,0,1,0,0,0,1
web-applications ,0,0,1,0,0,0,1
html ,0,0,1,0,0,0,1
.net ,0,0,0,0,0,1,1
cross-platform ,0,0,1,0,0,0,1
api ,0,0,0,0,0,1,1
s ,0,0,0,0,0,1,1
http ,0,0,1,0,0,0,1
algorithm ,0,0,0,0,0,1,1
python ,0,0,0,0,0,1,1
algorithm ,0,0,0,0,0,1,1
.net ,0,0,0,0,0,1,1
java ,0,0,1,0,0,0,1
s ,0,0,0,0,0,1,1
pdf ,0,0,0,0,0,1,1
amqp ,0,0,0,0,0,1,1
java ,1,0,0,0,0,0,1
database ,0,0,1,0,0,0,1
java ,0,0,0,0,0,1,1
ios ,0,0,0,0,0,1,1
interface ,0,0,1,0,0,0,1
audio ,0,0,0,0,0,1,1
database ,0,0,1,0,0,0,1
executable ,0,0,0,0,0,1,1
c++ ,0,0,0,0,0,1,1
server ,0,0,0,0,0,1,1
server ,0,0,0,0,0,1,1
sql ,0,0,1,0,0,0,1
php ,0,0,0,0,0,1,1
oauth ,0,0,1,0,0,0,1
python ,0,0,0,0,0,1,1
python ,0,0,1,0,0,0,1
c++ ,0,0,0,0,0,1,1
database ,0,0,1,0,0,0,1
asp.net ,0,0,1,0,0,0,1
algorithm ,0,0,0,0,0,1,1
python ,0,0,0,0,0,1,1
svn ,0,0,1,0,0,0,1
java ,0,0,0,0,0,1,1
server ,0,0,0,0,0,1,1
api ,0,0,0,0,0,1,1
s ,0,0,0,0,0,1,1
text-to-speech ,0,0,0,0,0,1,1
perl ,0,0,1,0,0,0,1
java ,0,0,0,0,0,1,1
python ,0,0,0,0,0,1,1
web-applications ,0,0,1,0,0,0,1
real-time ,0,0,0,0,0,1,1
s ,1,0,0,0,0,0,1
python ,0,0,0,0,0,1,1
nfc ,0,0,0,0,0,1,1
interface ,0,0,1,0,0,0,1
s ,0,0,0,0,0,1,1
graphics ,0,0,0,0,0,1,1
java ,0,0,1,0,0,0,1
html ,0,0,0,0,0,1,1
php ,0,0,0,0,0,1,1
web-applications ,0,0,1,0,0,0,1
java ,0,0,0,0,0,1,1
.net ,0,0,1,0,0,0,1
s ,0,0,0,0,0,1,1
android ,0,0,0,0,0,1,1
.net ,0,0,1,0,0,0,1
sql ,0,0,1,0,0,0,1
s ,0,0,0,0,0,1,1
server ,0,0,0,0,0,1,1
s ,0,0,0,0,0,1,1
toolkit ,0,0,0,0,0,1,1
s ,0,0,0,0,0,1,1
java ,1,0,0,0,0,0,1
server ,0,0,0,0,0,1,1
s ,1,0,0,0,0,0,1
fortran ,0,0,0,0,0,1,1
s ,0,0,0,0,0,1,1
scala ,0,0,0,0,0,1,1
database ,0,0,1,0,0,0,1
python ,0,0,1,0,0,0,1
android ,0,0,0,0,0,1,1
server ,0,0,0,0,0,1,1
sql ,0,0,1,0,0,0,1
open-source ,0,0,1,0,0,0,1
java ,1,0,0,0,0,0,1
open-source ,0,0,1,0,0,0,1
java ,0,0,1,0,0,0,1
macros ,0,0,1,0,0,0,1
widget ,0,0,1,0,0,0,1
s ,0,0,0,0,0,1,1
.net ,0,0,0,0,0,1,1
ios ,0,0,0,0,0,1,1
server ,0,0,0,0,0,1,1
java ,1,0,0,0,0,0,1
open-source ,0,0,1,0,0,0,1
nfc ,0,0,0,0,0,1,1
php ,0,0,0,0,0,1,1
qt ,0,0,0,0,0,1,1
java ,0,0,0,0,0,1,1
java ,1,0,0,0,0,0,1
qt ,0,0,1,0,0,0,1
spreadsheet ,0,0,1,0,0,0,1
xml ,0,0,1,0,0,0,1
database ,0,0,0,0,0,1,1
kendo-ui ,0,0,0,0,0,1,1
s ,0,0,0,0,0,1,1
ruby ,0,0,0,0,0,1,1
kendo-ui ,0,0,0,0,0,1,1
snmp ,0,0,0,0,0,1,1
s ,0,0,0,0,0,1,1
.net ,0,0,1,0,0,0,1
s ,0,0,0,0,0,1,1
php ,0,0,0,0,0,0,0
ruby ,0,0,0,0,0,0,0
interface ,0,0,0,0,0,0,0
audio ,0,0,0,0,0,0,0
interface ,0,0,0,0,0,0,0
transactional ,0,0,0,0,0,0,0
odp.net ,0,0,0,0,0,0,0
interface ,0,0,0,0,0,0,0
abstract-algebra ,0,0,0,0,0,0,0
module ,0,0,0,0,0,0,0
extjs ,0,0,0,0,0,0,0
grid ,0,0,0,0,0,0,0
database ,0,0,0,0,0,0,0
c++ ,0,0,0,0,0,0,0
deepsql ,0,0,0,0,0,0,0
web-services ,0,0,0,0,0,0,0
user ,0,0,0,0,0,0,0
xunit ,0,0,0,0,0,0,0
sql ,0,0,0,0,0,0,0
.net ,0,0,0,0,0,0,0
polygon ,0,0,0,0,0,0,0
hierarchical ,0,0,0,0,0,0,0
jquery ,0,0,0,0,0,0,0
core-animation ,0,0,0,0,0,0,0
server ,0,0,0,0,0,0,0
test-coverage ,0,0,0,0,0,0,0
connectivity ,0,0,0,0,0,0,0
gwt ,0,0,0,0,0,0,0
html ,0,0,0,0,0,0,0
s ,0,0,0,0,0,0,0
s ,0,0,0,0,0,0,0
javascript ,0,0,0,0,0,0,0
syslog ,0,0,0,0,0,0,0
templating ,0,0,0,0,0,0,0
elisp ,0,0,0,0,0,0,0
gameobject ,0,0,0,0,0,0,0
s ,0,0,0,0,0,0,0
javascript ,0,0,0,0,0,0,0
iot ,0,0,0,0,0,0,0
html ,0,0,0,0,0,0,0
postgres-plus ,0,0,0,0,0,0,0
aws-lambda ,0,0,0,0,0,0,0
postgresql ,0,0,0,0,0,0,0
asp.net ,0,0,0,0,0,0,0
java ,0,0,0,0,0,0,0
cpu ,0,0,0,0,0,0,0
c++ ,0,0,0,0,0,0,0
node.js ,0,0,0,0,0,0,0
metadata ,0,0,0,0,0,0,0
database ,0,0,0,0,0,0,0
scala ,0,0,0,0,0,0,0
pdf ,0,0,0,0,0,0,0
sql ,0,0,0,0,0,0,0
login ,0,0,0,0,0,0,0
server-side ,0,0,0,0,0,0,0
server ,0,0,0,0,0,0,0
rxjs ,0,0,0,0,0,0,0
.net ,0,0,0,0,0,0,0
searchable ,0,0,0,0,0,0,0
lisp ,0,0,0,0,0,0,0
open-source ,0,0,0,0,0,0,0
server ,0,0,0,0,0,0,0
css ,0,0,0,0,0,0,0
modeling ,0,0,0,0,0,0,0
compile-time ,0,0,0,0,0,0,0
database ,0,0,0,0,0,0,0
edi ,0,0,0,0,0,0,0
programming-languages ,0,0,0,0,0,0,0
cpu ,0,0,0,0,0,0,0
wordpress ,0,0,0,0,0,0,0
content-management-system ,0,0,0,0,0,0,0
3d ,0,0,0,0,0,0,0
qt ,0,0,0,0,0,0,0
scheduler ,0,0,0,0,0,0,0
ruby ,0,0,0,0,0,0,0
google-api ,0,0,0,0,0,0,0
nstableview ,0,0,0,0,0,0,0
sapui5 ,0,0,0,0,0,0,0
user-interface ,0,0,0,0,0,0,0
java ,0,0,0,0,0,0,0
jquery ,0,0,0,0,0,0,0
access-control ,0,0,0,0,0,0,0
key-value ,0,0,0,0,0,0,0
godaddy ,0,0,0,0,0,0,0
cross-platform ,0,0,0,0,0,0,0
string.h ,0,0,0,0,0,0,0
widget ,0,0,0,0,0,0,0
64bit ,0,0,0,0,0,0,0
ruby ,0,0,0,0,0,0,0
mongodb ,0,0,0,0,0,0,0
qt ,0,0,0,0,0,0,0
clr ,0,0,0,0,0,0,0
oauth-2.0 ,0,0,0,0,0,0,0
redis ,0,0,0,0,0,0,0
deployment ,0,0,0,0,0,0,0
ipv4 ,0,0,0,0,0,0,0
open-source ,0,0,0,0,0,0,0
server ,0,0,0,0,0,0,0
api ,0,0,0,0,0,0,0
admin ,0,0,0,0,0,0,0
web-applications ,0,0,0,0,0,0,0
ms-dos ,0,0,0,0,0,0,0
interface ,0,0,0,0,0,0,0
installer ,0,0,0,0,0,0,0
hierarchical ,0,0,0,0,0,0,0
workflow ,0,0,0,0,0,0,0
arrays ,0,0,0,0,0,0,0
dom4 ,0,0,0,0,0,0,0
memory-leaks ,0,0,0,0,0,0,0
c++11 ,0,0,0,0,0,0,0
audio ,0,0,0,0,0,0,0
synth ,0,0,0,0,0,0,0
default ,0,0,0,0,0,0,0
webos ,0,0,0,0,0,0,0
php ,0,0,0,0,0,0,0
usability ,0,0,0,0,0,0,0
python ,0,0,0,0,0,0,0
database ,0,0,0,0,0,0,0
qt-creator ,0,0,0,0,0,0,0
xquery-3.0 ,0,0,0,0,0,0,0
ruby ,0,0,0,0,0,0,0
api ,0,0,0,0,0,0,0
api ,0,0,0,0,0,0,0
server ,0,0,0,0,0,0,0
javascript ,0,0,0,0,0,0,0
url ,0,0,0,0,0,0,0
facebook ,0,0,0,0,0,0,0
call-graph ,0,0,0,0,0,0,0
uikit ,0,0,0,0,0,0,0
api-design ,0,0,0,0,0,0,0
api ,0,0,0,0,0,0,0
web-applications ,0,0,0,0,0,0,0
implementation ,0,0,0,0,0,0,0
parsing ,0,0,0,0,0,0,0
read-write ,0,0,0,0,0,0,0
gdb ,0,0,0,0,0,0,0
video ,0,0,0,0,0,0,0
apache-spark ,0,0,0,0,0,0,0
node.js ,0,0,0,0,0,0,0
gnu ,0,0,0,0,0,0,0
read-write ,0,0,0,0,0,0,0
http ,0,0,0,0,0,0,0
grid ,0,0,0,0,0,0,0
cloudera ,0,0,0,0,0,0,0
ruby ,0,0,0,0,0,0,0
markov ,0,0,0,0,0,0,0
open-source ,0,0,0,0,0,0,0
jpa-2.0 ,0,0,0,0,0,0,0
data-access ,0,0,0,0,0,0,0
cas ,0,0,0,0,0,0,0
bitmap ,0,0,0,0,0,0,0
authentication ,0,0,0,0,0,0,0
.net ,0,0,0,0,0,0,0
client-side ,0,0,0,0,0,0,0
worklight ,0,0,0,0,0,0,0
jmf ,0,0,0,0,0,0,0
name-collision ,0,0,0,0,0,0,0
apache ,0,0,0,0,0,0,0
relational-database ,0,0,0,0,0,0,0
python ,0,0,0,0,0,0,0
qt ,0,0,0,0,0,0,0
c++ ,0,0,0,0,0,0,0
gnu ,0,0,0,0,0,0,0
css ,0,0,0,0,0,0,0
web-applications ,0,0,0,0,0,0,0
visual-c++ ,0,0,0,0,0,0,0
perl ,0,0,0,0,0,0,0
jquery ,0,0,0,0,0,0,0
pdf ,0,0,0,0,0,0,0
subset ,0,0,0,0,0,0,0
database ,0,0,0,0,0,0,0
open-source ,0,0,0,0,0,0,0
deprecated ,0,0,0,0,0,0,0
javascript-framework ,0,0,0,0,0,0,0
content-management-system ,0,0,0,0,0,0,0
jvm ,0,0,0,0,0,0,0
graphics ,0,0,0,0,0,0,0
protocols ,0,0,0,0,0,0,0
csv ,0,0,0,0,0,0,0
visual-studio ,0,0,0,0,0,0,0
subset ,0,0,0,0,0,0,0
java-me ,0,0,0,0,0,0,0
dsl ,0,0,0,0,0,0,0
clone ,0,0,0,0,0,0,0
openssl ,0,0,0,0,0,0,0
website ,0,0,0,0,0,0,0
haxe ,0,0,0,0,0,0,0
malware ,0,0,0,0,0,0,0
user ,0,0,0,0,0,0,0
sql ,0,0,0,0,0,0,0
asynchronous ,0,0,0,0,0,0,0
c++ ,0,0,0,0,0,0,0
python ,0,0,0,0,0,0,0
operating-system ,0,0,0,0,0,0,0
malware ,0,0,0,0,0,0,0
asp.net ,0,0,0,0,0,0,0
javascript ,0,0,0,0,0,0,0
build-automation ,0,0,0,0,0,0,0
linux ,0,0,0,0,0,0,0
base-class ,0,0,0,0,0,0,0
visual-studio ,0,0,0,0,0,0,0
nsnotificationcenter ,0,0,0,0,0,0,0
cryptography ,0,0,0,0,0,0,0
value-type ,0,0,0,0,0,0,0
apache ,0,0,0,0,0,0,0
recursion ,0,0,0,0,0,0,0
json-api ,0,0,0,0,0,0,0
user ,0,0,0,0,0,0,0
c++ ,0,0,0,0,0,0,0
chi-squared ,0,0,0,0,0,0,0
connectivity ,0,0,0,0,0,0,0
api ,0,0,0,0,0,0,0
ecore ,0,0,0,0,0,0,0
perl ,0,0,0,0,0,0,0
metrics ,0,0,0,0,0,0,0
google-apps ,0,0,0,0,0,0,0
internationalization ,0,0,0,0,0,0,0
mysql ,0,0,0,0,0,0,0
pharo ,0,0,0,0,0,0,0
continuous-integration ,0,0,0,0,0,0,0
http-proxy ,0,0,0,0,0,0,0
jquery ,0,0,0,0,0,0,0
api ,0,0,0,0,0,0,0
https ,0,0,0,0,0,0,0
dynamic-typing ,0,0,0,0,0,0,0
eclipse ,0,0,0,0,0,0,0
msxml ,0,0,0,0,0,0,0
website ,0,0,0,0,0,0,0
javascript ,0,0,0,0,0,0,0
powershell ,0,0,0,0,0,0,0
copyright ,0,0,0,0,0,0,0
ios ,0,0,0,0,0,0,0
windows-live ,0,0,0,0,0,0,0
implementation ,0,0,0,0,0,0,0
httpclient ,0,0,0,0,0,0,0
android ,0,0,0,0,0,0,0
micro-orm ,0,0,0,0,0,0,0
web-api ,0,0,0,0,0,0,0
tm ,0,0,0,0,0,0,0
command-line ,0,0,0,0,0,0,0
business-intelligence ,0,0,0,0,0,0,0
fedex ,0,0,0,0,0,0,0
sdk ,0,0,0,0,0,0,0
event-driven ,0,0,0,0,0,0,0
java ,0,0,0,0,0,0,0
user ,0,0,0,0,0,0,0
data-acquisition ,0,0,0,0,0,0,0
frame-rate ,0,0,0,0,0,0,0
client-side ,0,0,0,0,0,0,0
http ,0,0,0,0,0,0,0
python ,0,0,0,0,0,0,0
rcp ,0,0,0,0,0,0,0
qt ,0,0,0,0,0,0,0
c64 ,0,0,0,0,0,0,0
xslt ,0,0,0,0,0,0,0
api ,0,0,0,0,0,0,0
text-editor ,0,0,0,0,0,0,0
xml ,0,0,0,0,0,0,0
html ,0,0,0,0,0,0,0
zend-soap ,0,0,0,0,0,0,0
cryptography ,0,0,0,0,0,0,0
compiler-directives ,0,0,0,0,0,0,0
drupal-modules ,0,0,0,0,0,0,0
implementation ,0,0,0,0,0,0,0
eclipse ,0,0,0,0,0,0,0
wireless ,0,0,0,0,0,0,0
javascript ,0,0,0,0,0,0,0
sdk ,0,0,0,0,0,0,0
maya ,0,0,0,0,0,0,0
installer ,0,0,0,0,0,0,0
authentication ,0,0,0,0,0,0,0
python-module ,0,0,0,0,0,0,0
implementation ,0,0,0,0,0,0,0
html5 ,0,0,0,0,0,0,0
command-line ,0,0,0,0,0,0,0
user ,0,0,0,0,0,0,0
http ,0,0,0,0,0,0,0
constraints ,0,0,0,0,0,0,0
s ,0,0,0,0,0,0,0
utc ,0,0,0,0,0,0,0
s ,0,0,0,0,0,0,0
search-form ,0,0,0,0,0,0,0
user ,0,0,0,0,0,0,0
interface ,0,0,0,0,0,0,0
javascript ,0,0,0,0,0,0,0
xmpp ,0,0,0,0,0,0,0
abstract-data-type ,0,0,0,0,0,0,0
implementation ,0,0,0,0,0,0,0
linux ,0,0,0,0,0,0,0
facebook-sdk-3.1 ,0,0,0,0,0,0,0
hadoop ,0,0,0,0,0,0,0
subset ,0,0,0,0,0,0,0
ansi ,0,0,0,0,0,0,0
server ,0,0,0,0,0,0,0
subclass ,0,0,0,0,0,0,0
configuration-files ,0,0,0,0,0,0,0
interface ,0,0,0,0,0,0,0
implementation ,0,0,0,0,0,0,0
osgi ,0,0,0,0,0,0,0
dom ,0,0,0,0,0,0,0
user ,0,0,0,0,0,0,0
gpc ,0,0,0,0,0,0,0
python-module ,0,0,0,0,0,0,0
s ,0,0,0,0,0,0,0
lua ,0,0,0,0,0,0,0
visualization ,0,0,0,0,0,0,0
algorithm ,0,0,0,0,0,0,0
sql ,0,0,0,0,0,0,0
clockpicker ,0,0,0,0,0,0,0
encoding ,0,0,0,0,0,0,0
sql ,0,0,0,0,0,0,0
many-to-many ,0,0,0,0,0,0,0
database ,0,0,0,0,0,0,0
rfc5545 ,0,0,0,0,0,0,0
geospatial ,0,0,0,0,0,0,0
operating-system ,0,0,0,0,0,0,0
model-view-controller ,0,0,0,0,0,0,0
pdf ,0,0,0,0,0,0,0
dce ,0,0,0,0,0,0,0
user ,0,0,0,0,0,0,0
apache ,0,0,0,0,0,0,0
php ,0,0,0,0,0,0,0
javadoc ,0,0,0,0,0,0,0
django ,0,0,0,0,0,0,0
netflix ,0,0,0,0,0,0,0
ubuntu ,0,0,0,0,0,0,0
javascript ,0,0,0,0,0,0,0
copyright ,0,0,0,0,0,0,0
datagrid ,0,0,0,0,0,0,0
msn ,0,0,0,0,0,0,0
java ,0,0,0,0,0,0,0
server ,0,0,0,0,0,0,0
xml ,0,0,0,0,0,0,0
cursor ,0,0,0,0,0,0,0
twitter-bootstrap ,0,0,0,0,0,0,0
ndef ,0,0,0,0,0,0,0
open-source ,0,0,0,0,0,0,0
toolkit ,0,0,0,0,0,0,0
eps ,0,0,0,0,0,0,0
qmainwindow ,0,0,0,0,0,0,0
refactoring ,0,0,0,0,0,0,0
html ,0,0,0,0,0,0,0
ncover ,0,0,0,0,0,0,0
header-files ,0,0,0,0,0,0,0
silverlight ,0,0,0,0,0,0,0
server-side ,0,0,0,0,0,0,0
swt ,0,0,0,0,0,0,0
ajax ,0,0,0,0,0,0,0
daemon ,0,0,0,0,0,0,0
n-gram ,0,0,0,0,0,0,0
pdf-viewer ,0,0,0,0,0,0,0
postgresql ,0,0,0,0,0,0,0
selector ,0,0,0,0,0,0,0
http ,0,0,0,0,0,0,0
validation ,0,0,0,0,0,0,0
qt ,0,0,0,0,0,0,0
pixels ,0,0,0,0,0,0,0
sap ,0,0,0,0,0,0,0
unit-testing ,0,0,0,0,0,0,0
binary ,0,0,0,0,0,0,0
javascript ,0,0,0,0,0,0,0
msmq ,0,0,0,0,0,0,0
load-testing ,0,0,0,0,0,0,0
website ,0,0,0,0,0,0,0
perl ,0,0,0,0,0,0,0
bdd ,0,0,0,0,0,0,0
java ,0,0,0,0,0,0,0
postgresql ,0,0,0,0,0,0,0
html5 ,0,0,0,0,0,0,0
oracle ,0,0,0,0,0,0,0
javascript ,0,0,0,0,0,0,0
authentication ,0,0,0,0,0,0,0
web-applications ,0,0,0,0,0,0,0
mysql ,0,0,0,0,0,0,0
ajax ,0,0,0,0,0,0,0
endpoint ,0,0,0,0,0,0,0
javascript ,0,0,0,0,0,0,0
xhtml ,0,0,0,0,0,0,0
database ,0,0,0,0,0,0,0
kmip ,0,0,0,0,0,0,0
eclipse ,0,0,0,0,0,0,0
static-libraries ,0,0,0,0,0,0,0
pixel ,0,0,0,0,0,0,0
clojure ,0,0,0,0,0,0,0
dependencies ,0,0,0,0,0,0,0
api ,0,0,0,0,0,0,0
metrics ,0,0,0,0,0,0,0
video ,0,0,0,0,0,0,0
java ,0,0,0,0,0,0,0
windows-8.1 ,0,0,0,0,0,0,0
http-request ,0,0,0,0,0,0,0
api ,0,0,0,0,0,0,0
ruby-on-rails ,0,0,0,0,0,0,0
ios ,0,0,0,0,0,0,0
concurrent-programming ,0,0,0,0,0,0,0
hl7-fhir ,0,0,0,0,0,0,0
url ,0,0,0,0,0,0,0
javascript ,0,0,0,0,0,0,0
templates ,0,0,0,0,0,0,0
key-value-store ,0,0,0,0,0,0,0
drupal-6 ,0,0,0,0,0,0,0
audio ,0,0,0,0,0,0,0
file-format ,0,0,0,0,0,0,0
google-maps ,0,0,0,0,0,0,0
s ,0,0,0,0,0,0,0
vmware ,0,0,0,0,0,0,0
authentication ,0,0,0,0,0,0,0
xpath-1.0 ,0,0,0,0,0,0,0
sql ,0,0,0,0,0,0,0
.net ,0,0,0,0,0,0,0
java ,0,0,0,0,0,0,0
configuration-management ,0,0,0,0,0,0,0
awt ,0,0,0,0,0,0,0
email ,0,0,0,0,0,0,0
osgi ,0,0,0,0,0,0,0
tostring ,0,0,0,0,0,0,0
video ,0,0,0,0,0,0,0
javascript ,0,0,0,0,0,0,0
development-environment ,0,0,0,0,0,0,0
domain-model ,0,0,0,0,0,0,0
dependency-injection ,0,0,0,0,0,0,0
socket.io ,0,0,0,0,0,0,0
navigation-drawer ,0,0,0,0,0,0,0
oasis ,0,0,0,0,0,0,0
scala ,0,0,0,0,0,0,0
ide ,0,0,0,0,0,0,0
gwt ,0,0,0,0,0,0,0
drupal-7 ,0,0,0,0,0,0,0
pygame ,0,0,0,0,0,0,0
ios ,0,0,0,0,0,0,0
default ,0,0,0,0,0,0,0
dependency-injection ,0,0,0,0,0,0,0
event-driven ,0,0,0,0,0,0,0
version-control ,0,0,0,0,0,0,0
widget ,0,0,0,0,0,0,0
jquery ,0,0,0,0,0,0,0
postgresql ,0,0,0,0,0,0,0
desktop ,0,0,0,0,0,0,0
ios ,0,0,0,0,0,0,0
youtube ,0,0,0,0,0,0,0
template-engine ,0,0,0,0,0,0,0
reference-type ,0,0,0,0,0,0,0
django ,0,0,0,0,0,0,0
elasticsearch ,0,0,0,0,0,0,0
memory-management ,0,0,0,0,0,0,0
sql ,0,0,0,0,0,0,0
implementation ,0,0,0,0,0,0,0
sdk ,0,0,0,0,0,0,0
s ,0,0,0,0,0,0,0
sql ,0,0,0,0,0,0,0
sdk ,0,0,0,0,0,0,0
hotspot ,0,0,0,0,0,0,0
node.js ,0,0,0,0,0,0,0
windows-nt ,0,0,0,0,0,0,0
windows-10 ,0,0,0,0,0,0,0
linux ,0,0,0,0,0,0,0
video ,0,0,0,0,0,0,0
buffy ,0,0,0,0,0,0,0
version-control ,0,0,0,0,0,0,0
euro ,0,0,0,0,0,0,0
python-2.x ,0,0,0,0,0,0,0
pc ,0,0,0,0,0,0,0
layout-manager ,0,0,0,0,0,0,0
templates ,0,0,0,0,0,0,0
reactive-streams ,0,0,0,0,0,0,0
3d ,0,0,0,0,0,0,0
winrt-component ,0,0,0,0,0,0,0
audio ,0,0,0,0,0,0,0
source-maps ,0,0,0,0,0,0,0
user-experience ,0,0,0,0,0,0,0
java-home ,0,0,0,0,0,0,0
html ,0,0,0,0,0,0,0
erlang ,0,0,0,0,0,0,0
low-latency ,0,0,0,0,0,0,0
http ,0,0,0,0,0,0,0
cstring ,0,0,0,0,0,0,0
maf ,0,0,0,0,0,0,0
x11 ,0,0,0,0,0,0,0
ip ,0,0,0,0,0,0,0
adobe ,0,0,0,0,0,0,0
terminal-emulator ,0,0,0,0,0,0,0
apache ,0,0,0,0,0,0,0
html ,0,0,0,0,0,0,0
templating ,0,0,0,0,0,0,0
default ,0,0,0,0,0,0,0
malloc ,0,0,0,0,0,0,0
java-api ,0,0,0,0,0,0,0
apache ,0,0,0,0,0,0,0
generics ,0,0,0,0,0,0,0
kanban ,0,0,0,0,0,0,0
sql ,0,0,0,0,0,0,0
archive ,0,0,0,0,0,0,0
synthesizer ,0,0,0,0,0,0,0
s ,0,0,0,0,0,0,0
targeting ,0,0,0,0,0,0,0
mcmc ,0,0,0,0,0,0,0
spring-boot ,0,0,0,0,0,0,0
google-chrome ,0,0,0,0,0,0,0
clipping ,0,0,0,0,0,0,0
scala ,0,0,0,0,0,0,0
hybrid ,0,0,0,0,0,0,0
deployment ,0,0,0,0,0,0,0
serial-port ,0,0,0,0,0,0,0
lan ,0,0,0,0,0,0,0
android ,0,0,0,0,0,0,0
model-view-controller ,0,0,0,0,0,0,0
mobile-phones ,0,0,0,0,0,0,0
toolkit ,0,0,0,0,0,0,0
android ,0,0,0,0,0,0,0
api ,0,0,0,0,0,0,0
ide ,0,0,0,0,0,0,0
wcf ,0,0,0,0,0,0,0
xmpp ,0,0,0,0,0,0,0
scroll ,0,0,0,0,0,0,0
solaris ,0,0,0,0,0,0,0
haskell ,0,0,0,0,0,0,0
newtype ,0,0,0,0,0,0,0
release-mode ,0,0,0,0,0,0,0
xml ,0,0,0,0,0,0,0
vba ,0,0,0,0,0,0,0
nosql ,0,0,0,0,0,0,0
knockout.js ,0,0,0,0,0,0,0
web-services ,0,0,0,0,0,0,0
web-services ,0,0,0,0,0,0,0
http ,0,0,0,0,0,0,0
frameworks ,0,0,0,0,0,0,0
https ,0,0,0,0,0,0,0
regsvr32 ,0,0,0,0,0,0,0
s ,0,0,0,0,0,0,0
desktop ,0,0,0,0,0,0,0
amazon-web-services ,0,0,0,0,0,0,0
traversal ,0,0,0,0,0,0,0
analytics ,0,0,0,0,0,0,0
embedding ,0,0,0,0,0,0,0
asp.net ,0,0,0,0,0,0,0
data-analysis ,0,0,0,0,0,0,0
api ,0,0,0,0,0,0,0
database ,0,0,0,0,0,0,0
s ,0,0,0,0,0,0,0
api ,0,0,0,0,0,0,0
capybara ,0,0,0,0,0,0,0
gzip ,0,0,0,0,0,0,0
posixct ,0,0,0,0,0,0,0
unix ,0,0,0,0,0,0,0
javascript ,0,0,0,0,0,0,0
minecraft ,0,0,0,0,0,0,0
computer-vision ,0,0,0,0,0,0,0
s ,0,0,0,0,0,0,0
relational-database ,0,0,0,0,0,0,0
faye ,0,0,0,0,0,0,0
passbook ,0,0,0,0,0,0,0
api ,0,0,0,0,0,0,0
server ,0,0,0,0,0,0,0
download ,0,0,0,0,0,0,0
pim ,0,0,0,0,0,0,0
listview ,0,0,0,0,0,0,0
toolkit ,0,0,0,0,0,0,0
msp430 ,0,0,0,0,0,0,0
admin ,0,0,0,0,0,0,0
android ,0,0,0,0,0,0,0
.net ,0,0,0,0,0,0,0
ipad-mini ,0,0,0,0,0,0,0
user ,0,0,0,0,0,0,0
floating-point ,0,0,0,0,0,0,0
optimization ,0,0,0,0,0,0,0
matrix ,0,0,0,0,0,0,0
federated-identity ,0,0,0,0,0,0,0
firmware ,0,0,0,0,0,0,0
ios ,0,0,0,0,0,0,0
analytics ,0,0,0,0,0,0,0
web-applications ,0,0,0,0,0,0,0
usb ,0,0,0,0,0,0,0
user ,0,0,0,0,0,0,0
css ,0,0,0,0,0,0,0
ruby ,0,0,0,0,0,0,0
widget ,0,0,0,0,0,0,0
toolkit ,0,0,0,0,0,0,0
redis ,0,0,0,0,0,0,0
amqp ,0,0,0,0,0,0,0
rakudo ,0,0,0,0,0,0,0
native-code ,0,0,0,0,0,0,0
html5 ,0,0,0,0,0,0,0
x11 ,0,0,0,0,0,0,0
open-source ,0,0,0,0,0,0,0
website ,0,0,0,0,0,0,0
caching ,0,0,0,0,0,0,0
user-interface ,0,0,0,0,0,0,0
nhibernate ,0,0,0,0,0,0,0
ipad ,0,0,0,0,0,0,0
tags ,0,0,0,0,0,0,0
python ,0,0,0,0,0,0,0
s ,0,0,0,0,0,0,0
sql ,0,0,0,0,0,0,0
skydrive ,0,0,0,0,0,0,0
formatting ,0,0,0,0,0,0,0
qt ,0,0,0,0,0,0,0
event-loop ,0,0,0,0,0,0,0
windows-8 ,0,0,0,0,0,0,0
jquery ,0,0,0,0,0,0,0
server-side ,0,0,0,0,0,0,0
linux ,0,0,0,0,0,0,0
video ,0,0,0,0,0,0,0
aix ,0,0,0,0,0,0,0
core-data ,0,0,0,0,0,0,0
angularjs ,0,0,0,0,0,0,0
open-source ,0,0,0,0,0,0,0
jccd ,0,0,0,0,0,0,0
vim ,0,0,0,0,0,0,0
jni ,0,0,0,0,0,0,0
excel ,0,0,0,0,0,0,0
github ,0,0,0,0,0,0,0
css ,0,0,0,0,0,0,0
redis ,0,0,0,0,0,0,0
linux ,0,0,0,0,0,0,0
serialization ,0,0,0,0,0,0,0
deserialization ,0,0,0,0,0,0,0
interface ,0,0,0,0,0,0,0
open-source ,0,0,0,0,0,0,0
https ,0,0,0,0,0,0,0
ruby-on-rails ,0,0,0,0,0,0,0
javascript ,0,0,0,0,0,0,0
carrot2 ,0,0,0,0,0,0,0
json ,0,0,0,0,0,0,0
database ,0,0,0,0,0,0,0
verilog ,0,0,0,0,0,0,0
tibco ,0,0,0,0,0,0,0
firefox ,0,0,0,0,0,0,0
webpack ,0,0,0,0,0,0,0
jpa-1.0 ,0,0,0,0,0,0,0
default ,0,0,0,0,0,0,0
modeling ,0,0,0,0,0,0,0
server ,0,0,0,0,0,0,0
user ,0,0,0,0,0,0,0
open-source ,0,0,0,0,0,0,0
github-flavored-markdown ,0,0,0,0,0,0,0
windows-applications ,0,0,0,0,0,0,0
refactoring ,0,0,0,0,0,0,0
predicate ,0,0,0,0,0,0,0
java ,0,0,0,0,0,0,0
bmp ,0,0,0,0,0,0,0
http ,0,0,0,0,0,0,0
emulator ,0,0,0,0,0,0,0
command-line-arguments ,0,0,0,0,0,0,0
server ,0,0,0,0,0,0,0
graphics ,0,0,0,0,0,0,0
server ,0,0,0,0,0,0,0
windows-server ,0,0,0,0,0,0,0
php ,0,0,0,0,0,0,0
s ,0,0,0,0,0,0,0
binary ,0,0,0,0,0,0,0
javascript ,0,0,0,0,0,0,0
debugging ,0,0,0,0,0,0,0
unicode ,0,0,0,0,0,0,0
open-source ,0,0,0,0,0,0,0
linear-algebra ,0,0,0,0,0,0,0
html5 ,0,0,0,0,0,0,0
interface ,0,0,0,0,0,0,0
namespaces ,0,0,0,0,0,0,0
jackrabbit ,0,0,0,0,0,0,0
rss ,0,0,0,0,0,0,0
bde ,0,0,0,0,0,0,0
bcnf ,0,0,0,0,0,0,0
open-source ,0,0,0,0,0,0,0
embed ,0,0,0,0,0,0,0
concrete5 ,0,0,0,0,0,0,0
node.js ,0,0,0,0,0,0,0
java ,0,0,0,0,0,0,0
database ,0,0,0,0,0,0,0
picasa ,0,0,0,0,0,0,0
marklogic ,0,0,0,0,0,0,0
sqlite ,0,0,0,0,0,0,0
lucene ,0,0,0,0,0,0,0
osx ,0,0,0,0,0,0,0
jvm ,0,0,0,0,0,0,0
hapi-fhir ,0,0,0,0,0,0,0
frameworks ,0,0,0,0,0,0,0
orm ,0,0,0,0,0,0,0
html5 ,0,0,0,0,0,0,0
eclipse ,0,0,0,0,0,0,0
arrays ,0,0,0,0,0,0,0
gradle ,0,0,0,0,0,0,0
css ,0,0,0,0,0,0,0
draggable ,0,0,0,0,0,0,0
orm ,0,0,0,0,0,0,0
debugging ,0,0,0,0,0,0,0
s ,0,0,0,0,0,0,0
video ,0,0,0,0,0,0,0
apache ,0,0,0,0,0,0,0
cross-platform ,0,0,0,0,0,0,0
wrapper ,0,0,0,0,0,0,0
user-interface ,0,0,0,0,0,0,0
excel ,0,0,0,0,0,0,0
toolkit ,0,0,0,0,0,0,0
ajax ,0,0,0,0,0,0,0
constraints ,0,0,0,0,0,0,0
user ,0,0,0,0,0,0,0
unsupervised-learning ,0,0,0,0,0,0,0
itunes ,0,0,0,0,0,0,0
s ,0,0,0,0,0,0,0
video ,0,0,0,0,0,0,0
ubuntu ,0,0,0,0,0,0,0
python ,0,0,0,0,0,0,0
doxygen ,0,0,0,0,0,0,0
.net ,0,0,0,0,0,0,0
windows-embedded ,0,0,0,0,0,0,0
opencover ,0,0,0,0,0,0,0
computer-science ,0,0,0,0,0,0,0
node.js ,0,0,0,0,0,0,0
websocket ,0,0,0,0,0,0,0
unit-testing ,0,0,0,0,0,0,0
javadoc ,0,0,0,0,0,0,0
profiler ,0,0,0,0,0,0,0
wrapper ,0,0,0,0,0,0,0
data-storage ,0,0,0,0,0,0,0
wql ,0,0,0,0,0,0,0
user ,0,0,0,0,0,0,0
nunit ,0,0,0,0,0,0,0
graphics ,0,0,0,0,0,0,0
runtime ,0,0,0,0,0,0,0
domexception ,0,0,0,0,0,0,0
website ,0,0,0,0,0,0,0
windows-phone-8 ,0,0,0,0,0,0,0
archive ,0,0,0,0,0,0,0
connectivity ,0,0,0,0,0,0,0
javascript ,0,0,0,0,0,0,0
xml ,0,0,0,0,0,0,0
server ,0,0,0,0,0,0,0
data-migration ,0,0,0,0,0,0,0
ip-address ,0,0,0,0,0,0,0
protocols ,0,0,0,0,0,0,0
mpeg ,0,0,0,0,0,0,0
implementation ,0,0,0,0,0,0,0
content-management-system ,0,0,0,0,0,0,0
user-interface ,0,0,0,0,0,0,0
real-time ,0,0,0,0,0,0,0
content-management ,0,0,0,0,0,0,0
code-review ,0,0,0,0,0,0,0
xml ,0,0,0,0,0,0,0
silverstripe ,0,0,0,0,0,0,0
rad ,0,0,0,0,0,0,0
iframe ,0,0,0,0,0,0,0
3d ,0,0,0,0,0,0,0
client-side ,0,0,0,0,0,0,0
api ,0,0,0,0,0,0,0
digits ,0,0,0,0,0,0,0
web-applications ,0,0,0,0,0,0,0
spring-social ,0,0,0,0,0,0,0
relational-database ,0,0,0,0,0,0,0
linux ,0,0,0,0,0,0,0
build-system ,0,0,0,0,0,0,0
python ,0,0,0,0,0,0,0
config ,0,0,0,0,0,0,0
graphics ,0,0,0,0,0,0,0
desktop ,0,0,0,0,0,0,0
java ,0,0,0,0,0,0,0
.net ,0,0,0,0,0,0,0
wikitext ,0,0,0,0,0,0,0
mmo ,0,0,0,0,0,0,0
code-analysis ,0,0,0,0,0,0,0
server ,0,0,0,0,0,0,0
glsl ,0,0,0,0,0,0,0
ascii-art ,0,0,0,0,0,0,0
ascii ,0,0,0,0,0,0,0
function-calls ,0,0,0,0,0,0,0
carousel ,0,0,0,0,0,0,0
user-interface ,0,0,0,0,0,0,0
dvcs ,0,0,0,0,0,0,0
graphics ,0,0,0,0,0,0,0
css3 ,0,0,0,0,0,0,0
ansible ,0,0,0,0,0,0,0
user ,0,0,0,0,0,0,0
audio ,0,0,0,0,0,0,0
gpib ,0,0,0,0,0,0,0
php ,0,0,0,0,0,0,0
renderer ,0,0,0,0,0,0,0
user ,0,0,0,0,0,0,0
tridion-2011 ,0,0,0,0,0,0,0
gcov ,0,0,0,0,0,0,0
sql ,0,0,0,0,0,0,0
concurrency ,0,0,0,0,0,0,0
analytics ,0,0,0,0,0,0,0
bluetooth ,0,0,0,0,0,0,0
health-monitoring ,0,0,0,0,0,0,0
stored-procedures ,0,0,0,0,0,0,0
public-key ,0,0,0,0,0,0,0
web-applications ,0,0,0,0,0,0,0
s ,0,0,0,0,0,0,0
bluegiga ,0,0,0,0,0,0,0
machine-learning ,0,0,0,0,0,0,0
runtime ,0,0,0,0,0,0,0
server ,0,0,0,0,0,0,0
triggers ,0,0,0,0,0,0,0
google-search ,0,0,0,0,0,0,0
interface ,0,0,0,0,0,0,0
opengl-es-2.0 ,0,0,0,0,0,0,0
runtime ,0,0,0,0,0,0,0
spoofing ,0,0,0,0,0,0,0
s ,0,0,0,0,0,0,0
apache ,0,0,0,0,0,0,0
apache ,0,0,0,0,0,0,0
weblogic ,0,0,0,0,0,0,0
email ,0,0,0,0,0,0,0
spring-xd ,0,0,0,0,0,0,0
python ,0,0,0,0,0,0,0
content-management-system ,0,0,0,0,0,0,0
ejabberd-saas ,0,0,0,0,0,0,0
content-management-system ,0,0,0,0,0,0,0
virtualization ,0,0,0,0,0,0,0
apache-kafka ,0,0,0,0,0,0,0
dependencies ,0,0,0,0,0,0,0
javascript ,0,0,0,0,0,0,0
sas ,0,0,0,0,0,0,0
development-environment ,0,0,0,0,0,0,0
scripting-language ,0,0,0,0,0,0,0
shared-hosting ,0,0,0,0,0,0,0
python ,0,0,0,0,0,0,0
jsr ,0,0,0,0,0,0,0
python ,0,0,0,0,0,0,0
speech-recognition ,0,0,0,0,0,0,0
server ,0,0,0,0,0,0,0
upload ,0,0,0,0,0,0,0
gnu ,0,0,0,0,0,0,0
stack-overflow ,0,0,0,0,0,0,0
content-management ,0,0,0,0,0,0,0
data-storage ,0,0,0,0,0,0,0
frameworks ,0,0,0,0,0,0,0
kendo-ui ,0,0,0,0,0,0,0
middleware ,0,0,0,0,0,0,0
opengl ,0,0,0,0,0,0,0
javascript ,0,0,0,0,0,0,0
android ,0,0,0,0,0,0,0
3d ,0,0,0,0,0,0,0
linker ,0,0,0,0,0,0,0
audio ,0,0,0,0,0,0,0
qt ,0,0,0,0,0,0,0
user-interface ,0,0,0,0,0,0,0
provisioning ,0,0,0,0,0,0,0
middleware ,0,0,0,0,0,0,0
binary ,0,0,0,0,0,0,0
audio ,0,0,0,0,0,0,0
rdfa ,0,0,0,0,0,0,0
dom ,0,0,0,0,0,0,0
coffeescript ,0,0,0,0,0,0,0
content-management-system ,0,0,0,0,0,0,0
image-formats ,0,0,0,0,0,0,0
api ,0,0,0,0,0,0,0
viewport ,0,0,0,0,0,0,0
elastic-map-reduce ,0,0,0,0,0,0,0
css3 ,0,0,0,0,0,0,0
gif ,0,0,0,0,0,0,0
haskell ,0,0,0,0,0,0,0
asp.net ,0,0,0,0,0,0,0
javascript ,0,0,0,0,0,0,0
windows-phone ,0,0,0,0,0,0,0
api ,0,0,0,0,0,0,0
eclipse ,0,0,0,0,0,0,0
virtual-machine ,0,0,0,0,0,0,0
caching ,0,0,0,0,0,0,0
multipage ,0,0,0,0,0,0,0
python-module ,0,0,0,0,0,0,0
openbsd ,0,0,0,0,0,0,0
interface ,0,0,0,0,0,0,0
markup ,0,0,0,0,0,0,0
implementation ,0,0,0,0,0,0,0
user-interface ,0,0,0,0,0,0,0
text-editor ,0,0,0,0,0,0,0
hierarchical ,0,0,0,0,0,0,0
usb ,0,0,0,0,0,0,0
s ,0,0,0,0,0,0,0
user ,0,0,0,0,0,0,0
server-side ,0,0,0,0,0,0,0
database ,0,0,0,0,0,0,0
smartphone ,0,0,0,0,0,0,0
video ,0,0,0,0,0,0,0
access-control ,0,0,0,0,0,0,0
sql-server ,0,0,0,0,0,0,0
android-multiple-users ,0,0,0,0,0,0,0
s ,0,0,0,0,0,0,0
memory-leaks ,0,0,0,0,0,0,0
backend ,0,0,0,0,0,0,0
runtime ,0,0,0,0,0,0,0
xml ,0,0,0,0,0,0,0
draggable ,0,0,0,0,0,0,0
trident ,0,0,0,0,0,0,0
s ,0,0,0,0,0,0,0
module ,0,0,0,0,0,0,0
toolkit ,0,0,0,0,0,0,0
numpy ,0,0,0,0,0,0,0
ruby-on-rails ,0,0,0,0,0,0,0
desktop ,0,0,0,0,0,0,0
webgl ,0,0,0,0,0,0,0
jquery ,0,0,0,0,0,0,0
email ,0,0,0,0,0,0,0
single-source ,0,0,0,0,0,0,0
url ,0,0,0,0,0,0,0
osx ,0,0,0,0,0,0,0
graphics ,0,0,0,0,0,0,0
png ,0,0,0,0,0,0,0
user ,0,0,0,0,0,0,0
cryptography ,0,0,0,0,0,0,0
api ,0,0,0,0,0,0,0
protocols ,0,0,0,0,0,0,0
xml ,0,0,0,0,0,0,0
xml ,0,0,0,0,0,0,0
cordova ,0,0,0,0,0,0,0
queue ,0,0,0,0,0,0,0
toolkit ,0,0,0,0,0,0,0
service-discovery ,0,0,0,0,0,0,0
erlang ,0,0,0,0,0,0,0
actionlistener ,0,0,0,0,0,0,0
.net ,0,0,0,0,0,0,0
heroku ,0,0,0,0,0,0,0
permissions ,0,0,0,0,0,0,0
ansi ,0,0,0,0,0,0,0
pdf ,0,0,0,0,0,0,0
bugzilla ,0,0,0,0,0,0,0
object-pascal ,0,0,0,0,0,0,0
nlp ,0,0,0,0,0,0,0
local-storage ,0,0,0,0,0,0,0
windows-rt ,0,0,0,0,0,0,0
javascript ,0,0,0,0,0,0,0
router ,0,0,0,0,0,0,0
spreadsheet ,0,0,0,0,0,0,0
xcode ,0,0,0,0,0,0,0
unit-testing ,0,0,0,0,0,0,0
s ,0,0,0,0,0,0,0
javascript ,0,0,0,0,0,0,0
integer-arithmetic ,0,0,0,0,0,0,0
s ,0,0,0,0,0,0,0
open-source ,0,0,0,0,0,0,0
lines-of-code ,0,0,0,0,0,0,0
core-data ,0,0,0,0,0,0,0
smo ,0,0,0,0,0,0,0
dlna ,0,0,0,0,0,0,0
dsl ,0,0,0,0,0,0,0
css3 ,0,0,0,0,0,0,0
character-encoding ,0,0,0,0,0,0,0
dsl ,0,0,0,0,0,0,0
timeline ,0,0,0,0,0,0,0
sap ,0,0,0,0,0,0,0
data-stream ,0,0,0,0,0,0,0
c++ ,0,0,0,0,0,0,0
diff ,0,0,0,0,0,0,0
module ,0,0,0,0,0,0,0
unit-testing ,0,0,0,0,0,0,0
s ,0,0,0,0,0,0,0
searchable ,0,0,0,0,0,0,0
security-testing ,0,0,0,0,0,0,0
encoding ,0,0,0,0,0,0,0
mobile-devices ,0,0,0,0,0,0,0
openstack-swift ,0,0,0,0,0,0,0
jquery-ui ,0,0,0,0,0,0,0
excel ,0,0,0,0,0,0,0
provider ,0,0,0,0,0,0,0
sdk ,0,0,0,0,0,0,0
encoding ,0,0,0,0,0,0,0
api ,0,0,0,0,0,0,0
drag-and-drop ,0,0,0,0,0,0,0
msmq ,0,0,0,0,0,0,0
database ,0,0,0,0,0,0,0
sms ,0,0,0,0,0,0,0
fonts ,0,0,0,0,0,0,0
c++ ,0,0,0,0,0,0,0
user ,0,0,0,0,0,0,0
s ,0,0,0,0,0,0,0
javascript ,0,0,0,0,0,0,0
vfw ,0,0,0,0,0,0,0
social-networking ,0,0,0,0,0,0,0
jetty ,0,0,0,0,0,0,0
dom ,0,0,0,0,0,0,0
acceptance-testing ,0,0,0,0,0,0,0
jpeg ,0,0,0,0,0,0,0
linux ,0,0,0,0,0,0,0
default ,0,0,0,0,0,0,0
quadratic-programming ,0,0,0,0,0,0,0
html5 ,0,0,0,0,0,0,0
commonsware ,0,0,0,0,0,0,0
templates ,0,0,0,0,0,0,0
logic-programming ,0,0,0,0,0,0,0
selector ,0,0,0,0,0,0,0
maven ,0,0,0,0,0,0,0
python ,0,0,0,0,0,0,0
flash-player ,0,0,0,0,0,0,0
reactive-programming ,0,0,0,0,0,0,0
portlet ,0,0,0,0,0,0,0
core-animation ,0,0,0,0,0,0,0
facebook ,0,0,0,0,0,0,0
implementation ,0,0,0,0,0,0,0
3d ,0,0,0,0,0,0,0
test-coverage ,0,0,0,0,0,0,0
ipad ,0,0,0,0,0,0,0
etl ,0,0,0,0,0,0,0
hierarchical ,0,0,0,0,0,0,0
wakatime ,0,0,0,0,0,0,0
server ,0,0,0,0,0,0,0
server ,0,0,0,0,0,0,0
http ,0,0,0,0,0,0,0
audio ,0,0,0,0,0,0,0
gitlab ,0,0,0,0,0,0,0
operating-system ,0,0,0,0,0,0,0
parse-android-sdk ,0,0,0,0,0,0,0
ipod ,0,0,0,0,0,0,0
interface ,0,0,0,0,0,0,0
s ,0,0,0,0,0,0,0
perl ,0,0,0,0,0,0,0
metadata ,0,0,0,0,0,0,0
code-snippets ,0,0,0,0,0,0,0
ieee ,0,0,0,0,0,0,0
generics ,0,0,0,0,0,0,0
protocols ,0,0,0,0,0,0,0
console ,0,0,0,0,0,0,0
jvm ,0,0,0,0,0,0,0
node.js ,0,0,0,0,0,0,0
xml ,0,0,0,0,0,0,0
sdn ,0,0,0,0,0,0,0
.net ,0,0,0,0,0,0,0
mobile-application ,0,0,0,0,0,0,0
iis-7 ,0,0,0,0,0,0,0
java ,0,0,0,0,0,0,0
tcl ,0,0,0,0,0,0,0
perl ,0,0,0,0,0,0,0
default ,0,0,0,0,0,0,0
email ,0,0,0,0,0,0,0
cluster-analysis ,0,0,0,0,0,0,0
sql-server ,0,0,0,0,0,0,0
javascript ,0,0,0,0,0,0,0
open-source ,0,0,0,0,0,0,0
roslyn ,0,0,0,0,0,0,0
mongodb ,0,0,0,0,0,0,0
content-management-system ,0,0,0,0,0,0,0
database ,0,0,0,0,0,0,0
emacs ,0,0,0,0,0,0,0
programming-languages ,0,0,0,0,0,0,0
server-side ,0,0,0,0,0,0,0
globalization ,0,0,0,0,0,0,0
otp ,0,0,0,0,0,0,0
toolkit ,0,0,0,0,0,0,0
ios ,0,0,0,0,0,0,0
tga ,0,0,0,0,0,0,0
xpath ,0,0,0,0,0,0,0
formatting ,0,0,0,0,0,0,0
templating ,0,0,0,0,0,0,0
cryptography ,0,0,0,0,0,0,0
ocaml ,0,0,0,0,0,0,0
android ,0,0,0,0,0,0,0
responsive-design ,0,0,0,0,0,0,0
header ,0,0,0,0,0,0,0
rpath ,0,0,0,0,0,0,0
website ,0,0,0,0,0,0,0
unit-testing ,0,0,0,0,0,0,0
user ,0,0,0,0,0,0,0
ansi-sql ,0,0,0,0,0,0,0
dom ,0,0,0,0,0,0,0
scheduler ,0,0,0,0,0,0,0
command-line ,0,0,0,0,0,0,0
windows-phone-8 ,0,0,0,0,0,0,0
powerpoint ,0,0,0,0,0,0,0
authentication ,0,0,0,0,0,0,0
dll ,0,0,0,0,0,0,0
java ,0,0,0,0,0,0,0
toolkit ,0,0,0,0,0,0,0
javascript ,0,0,0,0,0,0,0
clojure ,0,0,0,0,0,0,0
mobile-devices ,0,0,0,0,0,0,0
graphics ,0,0,0,0,0,0,0
api ,0,0,0,0,0,0,0
callback ,0,0,0,0,0,0,0
infowindow ,0,0,0,0,0,0,0
alm ,0,0,0,0,0,0,0
s ,0,0,0,0,0,0,0
emacs ,0,0,0,0,0,0,0
javascript ,0,0,0,0,0,0,0
wsgi ,0,0,0,0,0,0,0
optimization ,0,0,0,0,0,0,0
image-processing ,0,0,0,0,0,0,0
multipart ,0,0,0,0,0,0,0
analytics ,0,0,0,0,0,0,0
sorting ,0,0,0,0,0,0,0
interface ,0,0,0,0,0,0,0
sql-in ,0,0,0,0,0,0,0
emacs ,0,0,0,0,0,0,0
dom ,0,0,0,0,0,0,0
s ,0,0,0,0,0,0,0
nimrod ,0,0,0,0,0,0,0
android ,0,0,0,0,0,0,0
javascript ,0,0,0,0,0,0,0
markdown ,0,0,0,0,0,0,0
ruby ,0,0,0,0,0,0,0
runtime ,0,0,0,0,0,0,0
collision-detection ,0,0,0,0,0,0,0
s ,0,0,0,0,0,0,0
dragonfly-bsd ,0,0,0,0,0,0,0
clojurescript ,0,0,0,0,0,0,0
vim ,0,0,0,0,0,0,0
angularjs ,0,0,0,0,0,0,0
frameworks ,0,0,0,0,0,0,0
xpath ,0,0,0,0,0,0,0
hosting ,0,0,0,0,0,0,0
xml ,0,0,0,0,0,0,0
readability ,0,0,0,0,0,0,0
interface ,0,0,0,0,0,0,0
delphi ,0,0,0,0,0,0,0
php ,0,0,0,0,0,0,0
jquery ,0,0,0,0,0,0,0
mapper ,0,0,0,0,0,0,0
javascript ,0,0,0,0,0,0,0
java ,0,0,0,0,0,0,0
javascript-framework ,0,0,0,0,0,0,0
core-data ,0,0,0,0,0,0,0
windows-rt ,0,0,0,0,0,0,0
css ,0,0,0,0,0,0,0
cdma ,0,0,0,0,0,0,0
html ,0,0,0,0,0,0,0
linux ,0,0,0,0,0,0,0
development-environment ,0,0,0,0,0,0,0
server ,0,0,0,0,0,0,0
tcp ,0,0,0,0,0,0,0
server ,0,0,0,0,0,0,0
html ,0,0,0,0,0,0,0
vala ,0,0,0,0,0,0,0
html ,0,0,0,0,0,0,0
css-values ,0,0,0,0,0,0,0
s ,0,0,0,0,0,0,0
asynchronous ,0,0,0,0,0,0,0
iterator ,0,0,0,0,0,0,0
python ,0,0,0,0,0,0,0
node.js ,0,0,0,0,0,0,0
encryption ,0,0,0,0,0,0,0
ruby ,0,0,0,0,0,0,0
getter ,0,0,0,0,0,0,0
web-services ,0,0,0,0,0,0,0
development-environment ,0,0,0,0,0,0,0
theming ,0,0,0,0,0,0,0
plugins ,0,0,0,0,0,0,0
server ,0,0,0,0,0,0,0
key-value-store ,0,0,0,0,0,0,0
web-applications ,0,0,0,0,0,0,0
labview ,0,0,0,0,0,0,0
open-source ,0,0,0,0,0,0,0
load-balancing ,0,0,0,0,0,0,0
boolean ,0,0,0,0,0,0,0
backbone.js-collections ,0,0,0,0,0,0,0
hash-function ,0,0,0,0,0,0,0
javascript ,0,0,0,0,0,0,0
3d ,0,0,0,0,0,0,0
algorithm ,0,0,0,0,0,0,0
runtime ,0,0,0,0,0,0,0
s ,0,0,0,0,0,0,0
python ,0,0,0,0,0,0,0
upload ,0,0,0,0,0,0,0
web-applications ,0,0,0,0,0,0,0
couchbase ,0,0,0,0,0,0,0
frameworks ,0,0,0,0,0,0,0
web-applications ,0,0,0,0,0,0,0
windows-server ,0,0,0,0,0,0,0
android ,0,0,0,0,0,0,0
ruby-on-rails ,0,0,0,0,0,0,0
.net ,0,0,0,0,0,0,0
numeric ,0,0,0,0,0,0,0
desktop ,0,0,0,0,0,0,0
rss ,0,0,0,0,0,0,0
api ,0,0,0,0,0,0,0
c++ ,0,0,0,0,0,0,0
putchar ,0,0,0,0,0,0,0
erlang ,0,0,0,0,0,0,0
hosting ,0,0,0,0,0,0,0
desktop ,0,0,0,0,0,0,0
touchesended ,0,0,0,0,0,0,0
bluemix ,0,0,0,0,0,0,0
java ,0,0,0,0,0,0,0
s ,0,0,0,0,0,0,0
c++ ,0,0,0,0,0,0,0
java ,0,0,0,0,0,0,0
desktop ,0,0,0,0,0,0,0
windows-phone ,0,0,0,0,0,0,0
xmpp ,0,0,0,0,0,0,0
clojure ,0,0,0,0,0,0,0
toolkit ,0,0,0,0,0,0,0
user-interface ,0,0,0,0,0,0,0
gridview ,0,0,0,0,0,0,0
oracle ,0,0,0,0,0,0,0
constructor ,0,0,0,0,0,0,0
dvd ,0,0,0,0,0,0,0
implementation ,0,0,0,0,0,0,0
javascript ,0,0,0,0,0,0,0
initialization ,0,0,0,0,0,0,0
argparse ,0,0,0,0,0,0,0
tags ,0,0,0,0,0,0,0
look-and-feel ,0,0,0,0,0,0,0
solr ,0,0,0,0,0,0,0
synchronization ,0,0,0,0,0,0,0
modeling ,0,0,0,0,0,0,0
ruby ,0,0,0,0,0,0,0
.net ,0,0,0,0,0,0,0
authoring ,0,0,0,0,0,0,0
spoofing ,0,0,0,0,0,0,0
ajax ,0,0,0,0,0,0,0
query-builder ,0,0,0,0,0,0,0
user ,0,0,0,0,0,0,0
mobile-devices ,0,0,0,0,0,0,0
sms ,0,0,0,0,0,0,0
.net ,0,0,0,0,0,0,0
object-model ,0,0,0,0,0,0,0
3d ,0,0,0,0,0,0,0
real-time ,0,0,0,0,0,0,0
s ,0,0,0,0,0,0,0
desktop ,0,0,0,0,0,0,0
postgres-plus ,0,0,0,0,0,0,0
implementation ,0,0,0,0,0,0,0
email-address ,0,0,0,0,0,0,0
screen-capture ,0,0,0,0,0,0,0
ruby ,0,0,0,0,0,0,0
android ,0,0,0,0,0,0,0
asp.net-mvc ,0,0,0,0,0,0,0
api ,0,0,0,0,0,0,0
method-chaining ,0,0,0,0,0,0,0
angular-material ,0,0,0,0,0,0,0
perl ,0,0,0,0,0,0,0
websocket ,0,0,0,0,0,0,0
parametric-polymorphism ,0,0,0,0,0,0,0
ansi ,0,0,0,0,0,0,0
rfc ,0,0,0,0,0,0,0
s ,0,0,0,0,0,0,0
sas ,0,0,0,0,0,0,0
python ,0,0,0,0,0,0,0
java ,0,0,0,0,0,0,0
sql ,0,0,0,0,0,0,0
yahoo ,0,0,0,0,0,0,0
audio ,0,0,0,0,0,0,0
common-lisp ,0,0,0,0,0,0,0
cursor ,0,0,0,0,0,0,0
cross-platform ,0,0,0,0,0,0,0
javascript ,0,0,0,0,0,0,0
xml ,0,0,0,0,0,0,0
data-stream ,0,0,0,0,0,0,0
interface ,0,0,0,0,0,0,0
adobe ,0,0,0,0,0,0,0
web-hosting ,0,0,0,0,0,0,0
runtime ,0,0,0,0,0,0,0
model-view-controller ,0,0,0,0,0,0,0
lines-of-code ,0,0,0,0,0,0,0
sql-server ,0,0,0,0,0,0,0
artificial-intelligence ,0,0,0,0,0,0,0
opengl ,0,0,0,0,0,0,0
android ,0,0,0,0,0,0,0
firebird ,0,0,0,0,0,0,0
mesos ,0,0,0,0,0,0,0
timestamp ,0,0,0,0,0,0,0
point-to-point ,0,0,0,0,0,0,0
asp.net ,0,0,0,0,0,0,0
server ,0,0,0,0,0,0,0
javafx ,0,0,0,0,0,0,0
timestamp ,0,0,0,0,0,0,0
aarch64 ,0,0,0,0,0,0,0
java ,0,0,0,0,0,0,0
eclipse ,0,0,0,0,0,0,0
ruby ,0,0,0,0,0,0,0
pdf ,0,0,0,0,0,0,0
ascii ,0,0,0,0,0,0,0
mouseleave ,0,0,0,0,0,0,0
java ,0,0,0,0,0,0,0
json ,0,0,0,0,0,0,0
jdbc ,0,0,0,0,0,0,0
strcat ,0,0,0,0,0,0,0
s ,0,0,0,0,0,0,0
http ,0,0,0,0,0,0,0
ca ,0,0,0,0,0,0,0
java ,0,0,0,0,0,0,0
python ,0,0,0,0,0,0,0
twitter ,0,0,0,0,0,0,0
kubernetes ,0,0,0,0,0,0,0
implementation ,0,0,0,0,0,0,0
typo3 ,0,0,0,0,0,0,0
web-applications ,0,0,0,0,0,0,0
jquery ,0,0,0,0,0,0,0
javafx ,0,0,0,0,0,0,0
encryption ,0,0,0,0,0,0,0
implementation ,0,0,0,0,0,0,0
linkedin ,0,0,0,0,0,0,0
mdx ,0,0,0,0,0,0,0
asp.net ,0,0,0,0,0,0,0
internet-explorer ,0,0,0,0,0,0,0
tabs ,0,0,0,0,0,0,0
server ,0,0,0,0,0,0,0
dependencies ,0,0,0,0,0,0,0
hadoop ,0,0,0,0,0,0,0
java ,0,0,0,0,0,0,0
xml ,0,0,0,0,0,0,0
csv ,0,0,0,0,0,0,0
apache-spark ,0,0,0,0,0,0,0
flat-file ,0,0,0,0,0,0,0
clojure ,0,0,0,0,0,0,0
typo3 ,0,0,0,0,0,0,0
jquery ,0,0,0,0,0,0,0
linux ,0,0,0,0,0,0,0
upload ,0,0,0,0,0,0,0
hybrid ,0,0,0,0,0,0,0
web-console ,0,0,0,0,0,0,0
acronym ,0,0,0,0,0,0,0
sapui5 ,0,0,0,0,0,0,0
read-write ,0,0,0,0,0,0,0
3d ,0,0,0,0,0,0,0
slider ,0,0,0,0,0,0,0
incremental-build ,0,0,0,0,0,0,0
xcode ,0,0,0,0,0,0,0
mozilla ,0,0,0,0,0,0,0
gps ,0,0,0,0,0,0,0
datatable ,0,0,0,0,0,0,0
fortran ,0,0,0,0,0,0,0
lync ,0,0,0,0,0,0,0
cross-platform ,0,0,0,0,0,0,0
group-by ,0,0,0,0,0,0,0
authentication ,0,0,0,0,0,0,0
s ,0,0,0,0,0,0,0
asynchronous ,0,0,0,0,0,0,0
kerberos ,0,0,0,0,0,0,0
apache-zookeeper ,0,0,0,0,0,0,0
scheduler ,0,0,0,0,0,0,0
xml ,0,0,0,0,0,0,0
sqliteopenhelper ,0,0,0,0,0,0,0
binary ,0,0,0,0,0,0,0
javascript ,0,0,0,0,0,0,0
codeplex ,0,0,0,0,0,0,0
unix ,0,0,0,0,0,0,0
jsf ,0,0,0,0,0,0,0
implementation ,0,0,0,0,0,0,0
visual-studio ,0,0,0,0,0,0,0
hadoop ,0,0,0,0,0,0,0
python ,0,0,0,0,0,0,0
module ,0,0,0,0,0,0,0
https ,0,0,0,0,0,0,0
newtype ,0,0,0,0,0,0,0
command-line ,0,0,0,0,0,0,0
fast-model ,0,0,0,0,0,0,0
smalltalk ,0,0,0,0,0,0,0
pdf ,0,0,0,0,0,0,0
permissions ,0,0,0,0,0,0,0
notepad++ ,0,0,0,0,0,0,0
embed ,0,0,0,0,0,0,0
openpgp ,0,0,0,0,0,0,0
api ,0,0,0,0,0,0,0
targeting ,0,0,0,0,0,0,0
postcss ,0,0,0,0,0,0,0
jquery ,0,0,0,0,0,0,0
ember.js ,0,0,0,0,0,0,0
asynchronous ,0,0,0,0,0,0,0
image-gallery ,0,0,0,0,0,0,0
mobile-devices ,0,0,0,0,0,0,0
xquery ,0,0,0,0,0,0,0
ndepend ,0,0,0,0,0,0,0
wordpress ,0,0,0,0,0,0,0
aop ,0,0,0,0,0,0,0
php-5.6 ,0,0,0,0,0,0,0
build-automation ,0,0,0,0,0,0,0
s ,0,0,0,0,0,0,0
php ,0,0,0,0,0,0,0
authentication ,0,0,0,0,0,0,0
ide ,0,0,0,0,0,0,0
url ,0,0,0,0,0,0,0
open-source ,0,0,0,0,0,0,0
ruby ,0,0,0,0,0,0,0
php ,0,0,0,0,0,0,0
javascript ,0,0,0,0,0,0,0
umbraco ,0,0,0,0,0,0,0
apache-spark ,0,0,0,0,0,0,0
uikit ,0,0,0,0,0,0,0
azure ,0,0,0,0,0,0,0
database ,0,0,0,0,0,0,0
3ds ,0,0,0,0,0,0,0
software-engineering ,0,0,0,0,0,0,0
implementation ,0,0,0,0,0,0,0
media-queries ,0,0,0,0,0,0,0
open-source ,0,0,0,0,0,0,0
json ,0,0,0,0,0,0,0
toolkit ,0,0,0,0,0,0,0
text-editor ,0,0,0,0,0,0,0
3d ,0,0,0,0,0,0,0
java-ee-7 ,0,0,0,0,0,0,0
python ,0,0,0,0,0,0,0
java-ee ,0,0,0,0,0,0,0
deprecated ,0,0,0,0,0,0,0
javascript ,0,0,0,0,0,0,0
s ,0,0,0,0,0,0,0
partitioning ,0,0,0,0,0,0,0
open-source ,0,0,0,0,0,0,0
database ,0,0,0,0,0,0,0
ruby ,0,0,0,0,0,0,0
haskell ,0,0,0,0,0,0,0
sql ,0,0,0,0,0,0,0
open-source ,0,0,0,0,0,0,0
e-commerce ,0,0,0,0,0,0,0
xml-serialization ,0,0,0,0,0,0,0
data-integration ,0,0,0,0,0,0,0
interface ,0,0,0,0,0,0,0
virtual-serial-port ,0,0,0,0,0,0,0
website ,0,0,0,0,0,0,0
database ,0,0,0,0,0,0,0
twitter ,0,0,0,0,0,0,0
templates ,0,0,0,0,0,0,0
ssl ,0,0,0,0,0,0,0
semicolon ,0,0,0,0,0,0,0
javascript ,0,0,0,0,0,0,0
ocaml ,0,0,0,0,0,0,0
http ,0,0,0,0,0,0,0
nsis ,0,0,0,0,0,0,0
active-directory ,0,0,0,0,0,0,0
operating-system ,0,0,0,0,0,0,0
audio ,0,0,0,0,0,0,0
mysql ,0,0,0,0,0,0,0
embed ,0,0,0,0,0,0,0
thunderbird ,0,0,0,0,0,0,0
xubuntu ,0,0,0,0,0,0,0
implementation ,0,0,0,0,0,0,0
ipc ,0,0,0,0,0,0,0
bitbucket ,0,0,0,0,0,0,0
state-machines ,0,0,0,0,0,0,0
angularjs ,0,0,0,0,0,0,0
matrix ,0,0,0,0,0,0,0
algorithm ,0,0,0,0,0,0,0
separation-of-concerns ,0,0,0,0,0,0,0
video ,0,0,0,0,0,0,0
connectivity ,0,0,0,0,0,0,0
data-visualization ,0,0,0,0,0,0,0
sql-server ,0,0,0,0,0,0,0
email ,0,0,0,0,0,0,0
python ,0,0,0,0,0,0,0
node.js ,0,0,0,0,0,0,0
service-discovery ,0,0,0,0,0,0,0
css ,0,0,0,0,0,0,0
asp.net-mvc ,0,0,0,0,0,0,0
s ,0,0,0,0,0,0,0
server ,0,0,0,0,0,0,0
server ,0,0,0,0,0,0,0
ios ,0,0,0,0,0,0,0
data-binding ,0,0,0,0,0,0,0
header-files ,0,0,0,0,0,0,0
adobe ,0,0,0,0,0,0,0
tufte ,0,0,0,0,0,0,0
http ,0,0,0,0,0,0,0
seamonkey ,0,0,0,0,0,0,0
networking ,0,0,0,0,0,0,0
ios ,0,0,0,0,0,0,0
dsl ,0,0,0,0,0,0,0
java ,0,0,0,0,0,0,0
dita ,0,0,0,0,0,0,0
erlang ,0,0,0,0,0,0,0
android ,0,0,0,0,0,0,0
deployment ,0,0,0,0,0,0,0
spreadsheet ,0,0,0,0,0,0,0
html5 ,0,0,0,0,0,0,0
dependency-management ,0,0,0,0,0,0,0
speech-recognition ,0,0,0,0,0,0,0
dialog ,0,0,0,0,0,0,0
cocos2d-x ,0,0,0,0,0,0,0
selector ,0,0,0,0,0,0,0
hypervisor ,0,0,0,0,0,0,0
frameworks ,0,0,0,0,0,0,0
java ,0,0,0,0,0,0,0
asp.net-core-1.0 ,0,0,0,0,0,0,0
s ,0,0,0,0,0,0,0
toolkit ,0,0,0,0,0,0,0
angularjs ,0,0,0,0,0,0,0
subsequence ,0,0,0,0,0,0,0
semantic-web ,0,0,0,0,0,0,0
widget ,0,0,0,0,0,0,0
desktop ,0,0,0,0,0,0,0
java ,0,0,0,0,0,0,0
html ,0,0,0,0,0,0,0
html ,0,0,0,0,0,0,0
.net ,0,0,0,0,0,0,0
wrapper ,0,0,0,0,0,0,0
s ,0,0,0,0,0,0,0
server ,0,0,0,0,0,0,0
unix ,0,0,0,0,0,0,0
interface ,0,0,0,0,0,0,0
adobe-indesign ,0,0,0,0,0,0,0
console ,0,0,0,0,0,0,0
scroll ,0,0,0,0,0,0,0
dependencies ,0,0,0,0,0,0,0
highcharts ,0,0,0,0,0,0,0
desktop ,0,0,0,0,0,0,0
ado.net ,0,0,0,0,0,0,0
java-ee ,0,0,0,0,0,0,0
arrays ,0,0,0,0,0,0,0
sql-server ,0,0,0,0,0,0,0
real-time ,0,0,0,0,0,0,0
hortonworks-data-platform ,0,0,0,0,0,0,0
plugins ,0,0,0,0,0,0,0
websphere ,0,0,0,0,0,0,0
iframe ,0,0,0,0,0,0,0
wkhtmltopdf ,0,0,0,0,0,0,0
virtualization ,0,0,0,0,0,0,0
objective-c ,0,0,0,0,0,0,0
javascript ,0,0,0,0,0,0,0
3d ,0,0,0,0,0,0,0
oz ,0,0,0,0,0,0,0
dynamic-memory-allocation ,0,0,0,0,0,0,0
semantics ,0,0,0,0,0,0,0
annotations ,0,0,0,0,0,0,0
grid ,0,0,0,0,0,0,0
php ,0,0,0,0,0,0,0
gif ,0,0,0,0,0,0,0
java ,0,0,0,0,0,0,0
s ,0,0,0,0,0,0,0
ios ,0,0,0,0,0,0,0
interface ,0,0,0,0,0,0,0
carddav ,0,0,0,0,0,0,0
api ,0,0,0,0,0,0,0
sdk ,0,0,0,0,0,0,0
fifo ,0,0,0,0,0,0,0
implementation ,0,0,0,0,0,0,0
3d ,0,0,0,0,0,0,0
user-interface ,0,0,0,0,0,0,0
database ,0,0,0,0,0,0,0
parsing ,0,0,0,0,0,0,0
authoring ,0,0,0,0,0,0,0
checkbox ,0,0,0,0,0,0,0
ios ,0,0,0,0,0,0,0
solr ,0,0,0,0,0,0,0
picasa ,0,0,0,0,0,0,0
unicode ,0,0,0,0,0,0,0
android ,0,0,0,0,0,0,0
.net ,0,0,0,0,0,0,0
xhtml ,0,0,0,0,0,0,0
json ,0,0,0,0,0,0,0
templates ,0,0,0,0,0,0,0
sapui5 ,0,0,0,0,0,0,0
iphone ,0,0,0,0,0,0,0
wcf ,0,0,0,0,0,0,0
crud ,0,0,0,0,0,0,0
s ,0,0,0,0,0,0,0
core-video ,0,0,0,0,0,0,0
algorithm ,0,0,0,0,0,0,0
zend-framework ,0,0,0,0,0,0,0
eclipse ,0,0,0,0,0,0,0
qt ,0,0,0,0,0,0,0
html-table ,0,0,0,0,0,0,0
s ,0,0,0,0,0,0,0
software-engineering ,0,0,0,0,0,0,0
interface ,0,0,0,0,0,0,0
user ,0,0,0,0,0,0,0
rfc2445 ,0,0,0,0,0,0,0
subtyping ,0,0,0,0,0,0,0
rfc ,0,0,0,0,0,0,0
maven ,0,0,0,0,0,0,0
formatting ,0,0,0,0,0,0,0
core-image ,0,0,0,0,0,0,0
apache-spark ,0,0,0,0,0,0,0
apache-pig ,0,0,0,0,0,0,0
x86 ,0,0,0,0,0,0,0
css3 ,0,0,0,0,0,0,0
programming-languages ,0,0,0,0,0,0,0
webserver ,0,0,0,0,0,0,0
serialization ,0,0,0,0,0,0,0
oop ,0,0,0,0,0,0,0
jcaps ,0,0,0,0,0,0,0
ide ,0,0,0,0,0,0,0
phone-number ,0,0,0,0,0,0,0
audio ,0,0,0,0,0,0,0
user ,0,0,0,0,0,0,0
interface ,0,0,0,0,0,0,0
ios ,0,0,0,0,0,0,0
user ,0,0,0,0,0,0,0
.net ,0,0,0,0,0,0,0
32-bit ,0,0,0,0,0,0,0
paypal ,0,0,0,0,0,0,0
arcgis ,0,0,0,0,0,0,0
html ,0,0,0,0,0,0,0
sgi ,0,0,0,0,0,0,0
fortran ,0,0,0,0,0,0,0
bigtable ,0,0,0,0,0,0,0
server ,0,0,0,0,0,0,0
oracle ,0,0,0,0,0,0,0
creative-cloud ,0,0,0,0,0,0,0
frontend ,0,0,0,0,0,0,0
drupal ,0,0,0,0,0,0,0
dynamic-programming ,0,0,0,0,0,0,0
api ,0,0,0,0,0,0,0
3d ,0,0,0,0,0,0,0
uart ,0,0,0,0,0,0,0
flexbox ,0,0,0,0,0,0,0
implementation ,0,0,0,0,0,0,0
javascript ,0,0,0,0,0,0,0
jquery-mobile ,0,0,0,0,0,0,0
aes ,0,0,0,0,0,0,0
ide ,0,0,0,0,0,0,0
partitioning ,0,0,0,0,0,0,0
broadcastreceiver ,0,0,0,0,0,0,0
database ,0,0,0,0,0,0,0
interface ,0,0,0,0,0,0,0
gridview ,0,0,0,0,0,0,0
s ,0,0,0,0,0,0,0
ruby ,0,0,0,0,0,0,0
interface ,0,0,0,0,0,0,0
function-calls ,0,0,0,0,0,0,0
bluetooth ,0,0,0,0,0,0,0
facebook-graph-api ,0,0,0,0,0,0,0
system.componentmodel ,0,0,0,0,0,0,0
scala ,0,0,0,0,0,0,0
templating ,0,0,0,0,0,0,0
socket.io ,0,0,0,0,0,0,0
android ,0,0,0,0,0,0,0
api ,0,0,0,0,0,0,0
template-engine ,0,0,0,0,0,0,0
windows-phone ,0,0,0,0,0,0,0
templates ,0,0,0,0,0,0,0
javascript ,0,0,0,0,0,0,0
sass ,0,0,0,0,0,0,0
webgl ,0,0,0,0,0,0,0
smarty ,0,0,0,0,0,0,0
wrapper ,0,0,0,0,0,0,0
16-bit ,0,0,0,0,0,0,0
url ,0,0,0,0,0,0,0
teradata ,0,0,0,0,0,0,0
embed ,0,0,0,0,0,0,0
sas ,0,0,0,0,0,0,0
embedding ,0,0,0,0,0,0,0
nhibernate ,0,0,0,0,0,0,0
api ,0,0,0,0,0,0,0
programming-languages ,0,0,0,0,0,0,0
directx ,0,0,0,0,0,0,0
standard-library ,0,0,0,0,0,0,0
yaml ,0,0,0,0,0,0,0
imapi ,0,0,0,0,0,0,0
javascript ,0,0,0,0,0,0,0
content-type ,0,0,0,0,0,0,0
console ,0,0,0,0,0,0,0
codebase ,0,0,0,0,0,0,0
s ,0,0,0,0,0,0,0
database ,0,0,0,0,0,0,0
data-visualization ,0,0,0,0,0,0,0
remote-server ,0,0,0,0,0,0,0
java ,0,0,0,0,0,0,0
cross-browser ,0,0,0,0,0,0,0
provisioning ,0,0,0,0,0,0,0
viewport ,0,0,0,0,0,0,0
php ,0,0,0,0,0,0,0
kylix ,0,0,0,0,0,0,0
mongodb ,0,0,0,0,0,0,0
xml ,0,0,0,0,0,0,0
yii ,0,0,0,0,0,0,0
user-interface ,0,0,0,0,0,0,0
runit ,0,0,0,0,0,0,0
runtime ,0,0,0,0,0,0,0
toastr ,0,0,0,0,0,0,0
qt ,0,0,0,0,0,0,0
java-ee ,0,0,0,0,0,0,0
http ,0,0,0,0,0,0,0
interface ,0,0,0,0,0,0,0
sdk ,0,0,0,0,0,0,0
java ,0,0,0,0,0,0,0
unix ,0,0,0,0,0,0,0
.net ,0,0,0,0,0,0,0
fonts ,0,0,0,0,0,0,0
sql ,0,0,0,0,0,0,0
xfce ,0,0,0,0,0,0,0
javascript-framework ,0,0,0,0,0,0,0
api ,0,0,0,0,0,0,0
gwt ,0,0,0,0,0,0,0
server ,0,0,0,0,0,0,0
android ,0,0,0,0,0,0,0
providers ,0,0,0,0,0,0,0
java ,0,0,0,0,0,0,0
server ,0,0,0,0,0,0,0
debugging ,0,0,0,0,0,0,0
raster ,0,0,0,0,0,0,0
javascript ,0,0,0,0,0,0,0
mediawiki ,0,0,0,0,0,0,0
daap ,0,0,0,0,0,0,0
s ,0,0,0,0,0,0,0
caching ,0,0,0,0,0,0,0
daemon ,0,0,0,0,0,0,0
smartphone ,0,0,0,0,0,0,0
subsequence ,0,0,0,0,0,0,0
linux-kernel ,0,0,0,0,0,0,0
stack-overflow ,0,0,0,0,0,0,0
audio ,0,0,0,0,0,0,0
scala ,0,0,0,0,0,0,0
systems-programming ,0,0,0,0,0,0,0
xalan ,0,0,0,0,0,0,0
interface ,0,0,0,0,0,0,0
predicates ,0,0,0,0,0,0,0
.net ,0,0,0,0,0,0,0
joomla ,0,0,0,0,0,0,0
subsequence ,0,0,0,0,0,0,0
artificial-intelligence ,0,0,0,0,0,0,0
gouraud ,0,0,0,0,0,0,0
wijgrid ,0,0,0,0,0,0,0
s ,0,0,0,0,0,0,0
logcat ,0,0,0,0,0,0,0
user ,0,0,0,0,0,0,0
wikipedia ,0,0,0,0,0,0,0
ios ,0,0,0,0,0,0,0
crm ,0,0,0,0,0,0,0
https ,0,0,0,0,0,0,0
crm ,0,0,0,0,0,0,0
node.js ,0,0,0,0,0,0,0
ajax ,0,0,0,0,0,0,0
authentication ,0,0,0,0,0,0,0
video-processing ,0,0,0,0,0,0,0
api ,0,0,0,0,0,0,0
java ,0,0,0,0,0,0,0
enterprisedb ,0,0,0,0,0,0,0
amazon-web-services ,0,0,0,0,0,0,0
video ,0,0,0,0,0,0,0
algorithm ,0,0,0,0,0,0,0
toolkit ,0,0,0,0,0,0,0
css ,0,0,0,0,0,0,0
orm ,0,0,0,0,0,0,0
django ,0,0,0,0,0,0,0
material-design ,0,0,0,0,0,0,0
emacs ,0,0,0,0,0,0,0
tm ,0,0,0,0,0,0,0
openssl ,0,0,0,0,0,0,0
oracle ,0,0,0,0,0,0,0
gis ,0,0,0,0,0,0,0
erlang ,0,0,0,0,0,0,0
mongodb ,0,0,0,0,0,0,0
ide ,0,0,0,0,0,0,0
open-source ,0,0,0,0,0,0,0
server ,0,0,0,0,0,0,0
mysql ,0,0,0,0,0,0,0
junit ,0,0,0,0,0,0,0
jquery ,0,0,0,0,0,0,0
https ,0,0,0,0,0,0,0
server ,0,0,0,0,0,0,0
java-api ,0,0,0,0,0,0,0
implementation ,0,0,0,0,0,0,0
slideshow ,0,0,0,0,0,0,0
c++builder ,0,0,0,0,0,0,0
hp-ux ,0,0,0,0,0,0,0
twitter ,0,0,0,0,0,0,0
solr ,0,0,0,0,0,0,0
linux ,0,0,0,0,0,0,0
django ,0,0,0,0,0,0,0
operating-system ,0,0,0,0,0,0,0
api ,0,0,0,0,0,0,0
multiplexing ,0,0,0,0,0,0,0
python ,0,0,0,0,0,0,0
video ,0,0,0,0,0,0,0
router ,0,0,0,0,0,0,0
server ,0,0,0,0,0,0,0
mysql ,0,0,0,0,0,0,0
html5 ,0,0,0,0,0,0,0
typedef ,0,0,0,0,0,0,0
s ,0,0,0,0,0,0,0
https ,0,0,0,0,0,0,0
mongodb ,0,0,0,0,0,0,0
sql-injection ,0,0,0,0,0,0,0
unix ,0,0,0,0,0,0,0
graphics ,0,0,0,0,0,0,0
regex ,0,0,0,0,0,0,0
pdf ,0,0,0,0,0,0,0
php ,0,0,0,0,0,0,0
elastic-beanstalk ,0,0,0,0,0,0,0
toolkit ,0,0,0,0,0,0,0
openui5 ,0,0,0,0,0,0,0
api ,0,0,0,0,0,0,0
macros ,0,0,0,0,0,0,0
plugins ,0,0,0,0,0,0,0
api ,0,0,0,0,0,0,0
toolkit ,0,0,0,0,0,0,0
c++ ,0,0,0,0,0,0,0
binary ,0,0,0,0,0,0,0
development-environment ,0,0,0,0,0,0,0
data-entry ,0,0,0,0,0,0,0
corba ,0,0,0,0,0,0,0
api ,0,0,0,0,0,0,0
mobile-devices ,0,0,0,0,0,0,0
access-point ,0,0,0,0,0,0,0
android-support-library ,0,0,0,0,0,0,0
toolkit ,0,0,0,0,0,0,0
video ,0,0,0,0,0,0,0
optimization ,0,0,0,0,0,0,0
s ,0,0,0,0,0,0,0
xmpp ,0,0,0,0,0,0,0
cors ,0,0,0,0,0,0,0
linear-programming ,0,0,0,0,0,0,0
ruby ,0,0,0,0,0,0,0
keyword ,0,0,0,0,0,0,0
s ,0,0,0,0,0,0,0
fortran ,0,0,0,0,0,0,0
rfc ,0,0,0,0,0,0,0
customization ,0,0,0,0,0,0,0
spock ,0,0,0,0,0,0,0
orm ,0,0,0,0,0,0,0
matplotlib ,0,0,0,0,0,0,0
coldfusion ,0,0,0,0,0,0,0
orm ,0,0,0,0,0,0,0
visual-studio ,0,0,0,0,0,0,0
java ,0,0,0,0,0,0,0
cross-platform ,0,0,0,0,0,0,0
plugins ,0,0,0,0,0,0,0
deep-learning ,0,0,0,0,0,0,0
java ,0,0,0,0,0,0,0
desktop ,0,0,0,0,0,0,0
docker ,0,0,0,0,0,0,0
delphi ,0,0,0,0,0,0,0
native-code ,0,0,0,0,0,0,0
android ,0,0,0,0,0,0,0
guice ,0,0,0,0,0,0,0
java-io ,0,0,0,0,0,0,0
rdbms ,0,0,0,0,0,0,0
hierarchical ,0,0,0,0,0,0,0
markup ,0,0,0,0,0,0,0
synchronization ,0,0,0,0,0,0,0
azure ,0,0,0,0,0,0,0
svg ,0,0,0,0,0,0,0
user-interface ,0,0,0,0,0,0,0
scala ,0,0,0,0,0,0,0
tvm ,0,0,0,0,0,0,0
pdf ,0,0,0,0,0,0,0
operating-system ,0,0,0,0,0,0,0
pdf ,0,0,0,0,0,0,0
api ,0,0,0,0,0,0,0
.net ,0,0,0,0,0,0,0
text-files ,0,0,0,0,0,0,0
deployment ,0,0,0,0,0,0,0
paas ,0,0,0,0,0,0,0
facebook ,0,0,0,0,0,0,0
api ,0,0,0,0,0,0,0
embed ,0,0,0,0,0,0,0
json ,0,0,0,0,0,0,0
quickbooks ,0,0,0,0,0,0,0
markup ,0,0,0,0,0,0,0
ecies ,0,0,0,0,0,0,0
ubifs ,0,0,0,0,0,0,0
nservicebus ,0,0,0,0,0,0,0
html ,0,0,0,0,0,0,0
wordpress ,0,0,0,0,0,0,0
s ,0,0,0,0,0,0,0
url ,0,0,0,0,0,0,0
tcp-ip ,0,0,0,0,0,0,0
http ,0,0,0,0,0,0,0
svg ,0,0,0,0,0,0,0
xhtml ,0,0,0,0,0,0,0
command-line ,0,0,0,0,0,0,0
django ,0,0,0,0,0,0,0
diagramming ,0,0,0,0,0,0,0
icons ,0,0,0,0,0,0,0
polygons ,0,0,0,0,0,0,0
django ,0,0,0,0,0,0,0
hidden-markov-models ,0,0,0,0,0,0,0
createelement ,0,0,0,0,0,0,0
uikit ,0,0,0,0,0,0,0
encryption ,0,0,0,0,0,0,0
extension-methods ,0,0,0,0,0,0,0
mobile-devices ,0,0,0,0,0,0,0
analytics ,0,0,0,0,0,0,0
hhvm ,0,0,0,0,0,0,0
datebox ,0,0,0,0,0,0,0
junit ,0,0,0,0,0,0,0
modeling ,0,0,0,0,0,0,0
matplotlib ,0,0,0,0,0,0,0
pc ,0,0,0,0,0,0,0
xml ,0,0,0,0,0,0,0
authorize.net ,0,0,0,0,0,0,0
eigen ,0,0,0,0,0,0,0
gcc ,0,0,0,0,0,0,0
command-line ,0,0,0,0,0,0,0
transactional ,0,0,0,0,0,0,0
java ,0,0,0,0,0,0,0
minidump ,0,0,0,0,0,0,0
asp.net ,0,0,0,0,0,0,0
xml ,0,0,0,0,0,0,0
.net ,0,0,0,0,0,0,0
system.net.mail ,0,0,0,0,0,0,0
x11 ,0,0,0,0,0,0,0
timepicker ,0,0,0,0,0,0,0
ascii ,0,0,0,0,0,0,0
scripting-language ,0,0,0,0,0,0,0
wrapper ,0,0,0,0,0,0,0
s ,0,0,0,0,0,0,0
socket.io-java-client ,0,0,0,0,0,0,0
carousel ,0,0,0,0,0,0,0
web-services ,0,0,0,0,0,0,0
email ,0,0,0,0,0,0,0
open-source ,0,0,0,0,0,0,0
unit-testing ,0,0,0,0,0,0,0
passwords ,0,0,0,0,0,0,0
jquery ,0,0,0,0,0,0,0
meta ,0,0,0,0,0,0,0
intel ,0,0,0,0,0,0,0
iphone ,0,0,0,0,0,0,0
liquibase ,0,0,0,0,0,0,0
tibco ,0,0,0,0,0,0,0
kibana ,0,0,0,0,0,0,0
emacs ,0,0,0,0,0,0,0
c++ ,0,0,0,0,0,0,0
serialization ,0,0,0,0,0,0,0
oracle ,0,0,0,0,0,0,0
bayesian ,0,0,0,0,0,0,0
websocket ,0,0,0,0,0,0,0
laravel ,0,0,0,0,0,0,0
docbook ,0,0,0,0,0,0,0
python ,0,0,0,0,0,0,0
joomla ,0,0,0,0,0,0,0
connectivity ,0,0,0,0,0,0,0
s ,0,0,0,0,0,0,0
wifi ,0,0,0,0,0,0,0
activex ,0,0,0,0,0,0,0
c++ ,0,0,0,0,0,0,0
ubuntu ,0,0,0,0,0,0,0
aggregates ,0,0,0,0,0,0,0
implementation ,0,0,0,0,0,0,0
server-side ,0,0,0,0,0,0,0
vim ,0,0,0,0,0,0,0
mobile-devices ,0,0,0,0,0,0,0
unmarshalling ,0,0,0,0,0,0,0
video ,0,0,0,0,0,0,0
erlang ,0,0,0,0,0,0,0
synchronization ,0,0,0,0,0,0,0
lisp ,0,0,0,0,0,0,0
api ,0,0,0,0,0,0,0
dsl ,0,0,0,0,0,0,0
s ,0,0,0,0,0,0,0
embedding ,0,0,0,0,0,0,0
ruby-on-rails ,0,0,0,0,0,0,0
default ,0,0,0,0,0,0,0
workflow ,0,0,0,0,0,0,0
android-sqlite ,0,0,0,0,0,0,0
.net-3.5 ,0,0,0,0,0,0,0
asp.net-mvc-3 ,0,0,0,0,0,0,0
server-side ,0,0,0,0,0,0,0
ide ,0,0,0,0,0,0,0
metadata ,0,0,0,0,0,0,0
json ,0,0,0,0,0,0,0
gif ,0,0,0,0,0,0,0
user ,0,0,0,0,0,0,0
open-source ,0,0,0,0,0,0,0
server ,0,0,0,0,0,0,0
google-cloud-platform ,0,0,0,0,0,0,0
windows-installer ,0,0,0,0,0,0,0
console ,0,0,0,0,0,0,0
json ,0,0,0,0,0,0,0
wxwidgets ,0,0,0,0,0,0,0
video ,0,0,0,0,0,0,0
python ,0,0,0,0,0,0,0
content-management ,0,0,0,0,0,0,0
xml ,0,0,0,0,0,0,0
javascript ,0,0,0,0,0,0,0
zend-soap ,0,0,0,0,0,0,0
sql ,0,0,0,0,0,0,0
.net ,0,0,0,0,0,0,0
python-module ,0,0,0,0,0,0,0
gpu ,0,0,0,0,0,0,0
rsa ,0,0,0,0,0,0,0
server ,0,0,0,0,0,0,0
debugdiag ,0,0,0,0,0,0,0
android ,0,0,0,0,0,0,0
java ,0,0,0,0,0,0,0
asynchronous ,0,0,0,0,0,0,0
ocaml ,0,0,0,0,0,0,0
widget ,0,0,0,0,0,0,0
unit-testing ,0,0,0,0,0,0,0
visual-studio ,0,0,0,0,0,0,0
version-control ,0,0,0,0,0,0,0
file-manager ,0,0,0,0,0,0,0
event-handling ,0,0,0,0,0,0,0
open-source ,0,0,0,0,0,0,0
dll ,0,0,0,0,0,0,0
css ,0,0,0,0,0,0,0
mouseenter ,0,0,0,0,0,0,0
website ,0,0,0,0,0,0,0
hierarchical ,0,0,0,0,0,0,0
portability ,0,0,0,0,0,0,0
open-source ,0,0,0,0,0,0,0
dynamic-memory-allocation ,0,0,0,0,0,0,0
ruby ,0,0,0,0,0,0,0
human-readable ,0,0,0,0,0,0,0
llvm ,0,0,0,0,0,0,0
unix ,0,0,0,0,0,0,0
runtime ,0,0,0,0,0,0,0
multiplatform ,0,0,0,0,0,0,0
jquery ,0,0,0,0,0,0,0
virtual-machine ,0,0,0,0,0,0,0
posixlt ,0,0,0,0,0,0,0
as-if ,0,0,0,0,0,0,0
minimax ,0,0,0,0,0,0,0
javascript ,0,0,0,0,0,0,0
graphics ,0,0,0,0,0,0,0
fetch-api ,0,0,0,0,0,0,0
uitoolbar ,0,0,0,0,0,0,0
api ,0,0,0,0,0,0,0
https ,0,0,0,0,0,0,0
scripting ,0,0,0,0,0,0,0
javafx ,0,0,0,0,0,0,0
kotlin ,0,0,0,0,0,0,0
package.json ,0,0,0,0,0,0,0
ide ,0,0,0,0,0,0,0
firefox ,0,0,0,0,0,0,0
agile-central ,0,0,0,0,0,0,0
runtime ,0,0,0,0,0,0,0
.net ,0,0,0,0,0,0,0
smartcard ,0,0,0,0,0,0,0
method-chaining ,0,0,0,0,0,0,0
database ,0,0,0,0,0,0,0
api ,0,0,0,0,0,0,0
xunit ,0,0,0,0,0,0,0
usdl ,0,0,0,0,0,0,0
constraints ,0,0,0,0,0,0,0
css ,0,0,0,0,0,0,0
file-format ,0,0,0,0,0,0,0
bluetooth ,0,0,0,0,0,0,0
toolkit ,0,0,0,0,0,0,0
http ,0,0,0,0,0,0,0
bitset ,0,0,0,0,0,0,0
xmpp ,0,0,0,0,0,0,0
qstandarditemmodel ,0,0,0,0,0,0,0
usb ,0,0,0,0,0,0,0
lambda-calculus ,0,0,0,0,0,0,0
sdl ,0,0,0,0,0,0,0
mongodb ,0,0,0,0,0,0,0
matrix ,0,0,0,0,0,0,0
appkit ,0,0,0,0,0,0,0
server-side ,0,0,0,0,0,0,0
toolkit ,0,0,0,0,0,0,0
biztalk ,0,0,0,0,0,0,0
spreadsheet ,0,0,0,0,0,0,0
providers ,0,0,0,0,0,0,0
c++ ,0,0,0,0,0,0,0
iphone ,0,0,0,0,0,0,0
binary ,0,0,0,0,0,0,0
html ,0,0,0,0,0,0,0
pixels ,0,0,0,0,0,0,0
interface ,0,0,0,0,0,0,0
s ,0,0,0,0,0,0,0
real-time ,0,0,0,0,0,0,0
html5 ,0,0,0,0,0,0,0
pixels ,0,0,0,0,0,0,0
plugins ,0,0,0,0,0,0,0
activerecord ,0,0,0,0,0,0,0
api ,0,0,0,0,0,0,0
javascript ,0,0,0,0,0,0,0
sqlalchemy ,0,0,0,0,0,0,0
ase ,0,0,0,0,0,0,0
ios ,0,0,0,0,0,0,0
w3c ,0,0,0,0,0,0,0
boolean ,0,0,0,0,0,0,0
encryption ,0,0,0,0,0,0,0
python ,0,0,0,0,0,0,0
gwt ,0,0,0,0,0,0,0
nsruleeditor ,0,0,0,0,0,0,0
modx ,0,0,0,0,0,0,0
winsock ,0,0,0,0,0,0,0
memcached ,0,0,0,0,0,0,0
cad ,0,0,0,0,0,0,0
httpresponse ,0,0,0,0,0,0,0
.net ,0,0,0,0,0,0,0
web-applications ,0,0,0,0,0,0,0
javascript ,0,0,0,0,0,0,0
matlab ,0,0,0,0,0,0,0
global-variables ,0,0,0,0,0,0,0
c++11 ,0,0,0,0,0,0,0
authentication ,0,0,0,0,0,0,0
node.js ,0,0,0,0,0,0,0
3d ,0,0,0,0,0,0,0
datagridview ,0,0,0,0,0,0,0
graphics ,0,0,0,0,0,0,0
xml ,0,0,0,0,0,0,0
mezzanine ,0,0,0,0,0,0,0
ide ,0,0,0,0,0,0,0
api ,0,0,0,0,0,0,0
server ,0,0,0,0,0,0,0
tcp-ip ,0,0,0,0,0,0,0
javascript ,0,0,0,0,0,0,0
templates ,0,0,0,0,0,0,0
jcr ,0,0,0,0,0,0,0
entry-point ,0,0,0,0,0,0,0
point-of-sale ,0,0,0,0,0,0,0
android ,0,0,0,0,0,0,0
apache ,0,0,0,0,0,0,0
string-matching ,0,0,0,0,0,0,0
api ,0,0,0,0,0,0,0
rdbms ,0,0,0,0,0,0,0
pattern-matching ,0,0,0,0,0,0,0
uikit ,0,0,0,0,0,0,0
database ,0,0,0,0,0,0,0
simple-form ,0,0,0,0,0,0,0
api ,0,0,0,0,0,0,0
jquery ,0,0,0,0,0,0,0
wireless ,0,0,0,0,0,0,0
rpc ,0,0,0,0,0,0,0
placeholder ,0,0,0,0,0,0,0
user ,0,0,0,0,0,0,0
awt ,0,0,0,0,0,0,0
middleware ,0,0,0,0,0,0,0
ios ,0,0,0,0,0,0,0
php ,0,0,0,0,0,0,0
open-source ,0,0,0,0,0,0,0
shared-libraries ,0,0,0,0,0,0,0
c++ ,0,0,0,0,0,0,0
asp.net ,0,0,0,0,0,0,0
cross-platform ,0,0,0,0,0,0,0
wpf ,0,0,0,0,0,0,0
user-experience ,0,0,0,0,0,0,0
serialization ,0,0,0,0,0,0,0
s ,0,0,0,0,0,0,0
indy ,0,0,0,0,0,0,0
android ,0,0,0,0,0,0,0
django ,0,0,0,0,0,0,0
systemc ,0,0,0,0,0,0,0
scrollbar ,0,0,0,0,0,0,0
syslog ,0,0,0,0,0,0,0
text-processing ,0,0,0,0,0,0,0
web-applications ,0,0,0,0,0,0,0
api ,0,0,0,0,0,0,0
android ,0,0,0,0,0,0,0
std ,0,0,0,0,0,0,0
adfs ,0,0,0,0,0,0,0
excel-2007 ,0,0,0,0,0,0,0
api ,0,0,0,0,0,0,0
database-schema ,0,0,0,0,0,0,0
multisite ,0,0,0,0,0,0,0
video ,0,0,0,0,0,0,0
open-source ,0,0,0,0,0,0,0
windows-phone ,0,0,0,0,0,0,0
joomla ,0,0,0,0,0,0,0
file-format ,0,0,0,0,0,0,0
excel ,0,0,0,0,0,0,0
hierarchical ,0,0,0,0,0,0,0
structural-typing ,0,0,0,0,0,0,0
android-sqlite ,0,0,0,0,0,0,0
event-handling ,0,0,0,0,0,0,0
amazon-web-services ,0,0,0,0,0,0,0
xml ,0,0,0,0,0,0,0
open-source ,0,0,0,0,0,0,0
code-snippets ,0,0,0,0,0,0,0
jvm ,0,0,0,0,0,0,0
c++ ,0,0,0,0,0,0,0
relational-database ,0,0,0,0,0,0,0
convex-optimization ,0,0,0,0,0,0,0
package.json ,0,0,0,0,0,0,0
environment-modules ,0,0,0,0,0,0,0
deep-learning ,0,0,0,0,0,0,0
django ,0,0,0,0,0,0,0
internationalization ,0,0,0,0,0,0,0
html ,0,0,0,0,0,0,0
qt ,0,0,0,0,0,0,0
command-line ,0,0,0,0,0,0,0
default ,0,0,0,0,0,0,0
mediawiki-api ,0,0,0,0,0,0,0
user ,0,0,0,0,0,0,0
uitextfield ,0,0,0,0,0,0,0
authentication ,0,0,0,0,0,0,0
ios ,0,0,0,0,0,0,0
visual-c++ ,0,0,0,0,0,0,0
access-control ,0,0,0,0,0,0,0
microcontroller ,0,0,0,0,0,0,0
database ,0,0,0,0,0,0,0
regex ,0,0,0,0,0,0,0
geospatial ,0,0,0,0,0,0,0
cfform ,0,0,0,0,0,0,0
django ,0,0,0,0,0,0,0
social-networking ,0,0,0,0,0,0,0
soa ,0,0,0,0,0,0,0
javascript ,0,0,0,0,0,0,0
encoding ,0,0,0,0,0,0,0
configurable-product ,0,0,0,0,0,0,0
s ,0,0,0,0,0,0,0
.net ,0,0,0,0,0,0,0
gdb ,0,0,0,0,0,0,0
ocx ,0,0,0,0,0,0,0
postgresql ,0,0,0,0,0,0,0
rmq ,0,0,0,0,0,0,0
virtual-machine ,0,0,0,0,0,0,0
linux ,0,0,0,0,0,0,0
generic-programming ,0,0,0,0,0,0,0
retrieve-and-rank ,0,0,0,0,0,0,0
database ,0,0,0,0,0,0,0
pdf ,0,0,0,0,0,0,0
sync ,0,0,0,0,0,0,0
java ,0,0,0,0,0,0,0
windows-8 ,0,0,0,0,0,0,0
indexeddb ,0,0,0,0,0,0,0
android ,0,0,0,0,0,0,0
viewport ,0,0,0,0,0,0,0
deployment ,0,0,0,0,0,0,0
drupal-entities ,0,0,0,0,0,0,0
user ,0,0,0,0,0,0,0
perl-module ,0,0,0,0,0,0,0
png ,0,0,0,0,0,0,0
groovy ,0,0,0,0,0,0,0
constraints ,0,0,0,0,0,0,0
cross-platform ,0,0,0,0,0,0,0
jmf ,0,0,0,0,0,0,0
excel-2007 ,0,0,0,0,0,0,0
model-view-controller ,0,0,0,0,0,0,0
website ,0,0,0,0,0,0,0
email ,0,0,0,0,0,0,0
angular2 ,0,0,0,0,0,0,0
unreal-development-kit ,0,0,0,0,0,0,0
dom ,0,0,0,0,0,0,0
s ,0,0,0,0,0,0,0
virtual-machine ,0,0,0,0,0,0,0
c++ ,0,0,0,0,0,0,0
tweets ,0,0,0,0,0,0,0
javascript ,0,0,0,0,0,0,0
angularjs ,0,0,0,0,0,0,0
emulator ,0,0,0,0,0,0,0
autobahn ,0,0,0,0,0,0,0
jquery ,0,0,0,0,0,0,0
dynamic-memory-allocation ,0,0,0,0,0,0,0
rich-text-editor ,0,0,0,0,0,0,0
oracle ,0,0,0,0,0,0,0
python ,0,0,0,0,0,0,0
javascript ,0,0,0,0,0,0,0
svn ,0,0,0,0,0,0,0
server ,0,0,0,0,0,0,0
db-first ,0,0,0,0,0,0,0
android-tv ,0,0,0,0,0,0,0
ios ,0,0,0,0,0,0,0
usb ,0,0,0,0,0,0,0
rabbitmq ,0,0,0,0,0,0,0
templates ,0,0,0,0,0,0,0
templates ,0,0,0,0,0,0,0
scripting ,0,0,0,0,0,0,0
business-intelligence ,0,0,0,0,0,0,0
user ,0,0,0,0,0,0,0
symfony-console ,0,0,0,0,0,0,0
petri-net ,0,0,0,0,0,0,0
xml3d ,0,0,0,0,0,0,0
azure ,0,0,0,0,0,0,0
3d ,0,0,0,0,0,0,0
sorting ,0,0,0,0,0,0,0
gcc ,0,0,0,0,0,0,0
spring-mvc ,0,0,0,0,0,0,0
s ,0,0,0,0,0,0,0
css ,0,0,0,0,0,0,0
codec ,0,0,0,0,0,0,0
user ,0,0,0,0,0,0,0
wordpress ,0,0,0,0,0,0,0
http ,0,0,0,0,0,0,0
command-line ,0,0,0,0,0,0,0
virtualization ,0,0,0,0,0,0,0
dynamic-programming ,0,0,0,0,0,0,0
delphi ,0,0,0,0,0,0,0
deployment ,0,0,0,0,0,0,0
uikit ,0,0,0,0,0,0,0
c++-standard-library ,0,0,0,0,0,0,0
google-maps ,0,0,0,0,0,0,0
reverse-engineering ,0,0,0,0,0,0,0
orm ,0,0,0,0,0,0,0
pdftron ,0,0,0,0,0,0,0
bookmarks ,0,0,0,0,0,0,0
os.walk ,0,0,0,0,0,0,0
code-coverage ,0,0,0,0,0,0,0
open-source ,0,0,0,0,0,0,0
mysql ,0,0,0,0,0,0,0
desktop ,0,0,0,0,0,0,0
scroll ,0,0,0,0,0,0,0
angular-ui ,0,0,0,0,0,0,0
formatting ,0,0,0,0,0,0,0
module ,0,0,0,0,0,0,0
xml ,0,0,0,0,0,0,0
operating-system ,0,0,0,0,0,0,0
jarjar ,0,0,0,0,0,0,0
http ,0,0,0,0,0,0,0
http-request ,0,0,0,0,0,0,0
smartcard ,0,0,0,0,0,0,0
wav ,0,0,0,0,0,0,0
api ,0,0,0,0,0,0,0
smalltalk ,0,0,0,0,0,0,0
gps ,0,0,0,0,0,0,0
javascript ,0,0,0,0,0,0,0
enterprise-portal ,0,0,0,0,0,0,0
windows-runtime ,0,0,0,0,0,0,0
data-access-layer ,0,0,0,0,0,0,0
entity-framework ,0,0,0,0,0,0,0
encryption ,0,0,0,0,0,0,0
netezza ,0,0,0,0,0,0,0
fonts ,0,0,0,0,0,0,0
windows-phone ,0,0,0,0,0,0,0
ide ,0,0,0,0,0,0,0
partcover ,0,0,0,0,0,0,0
toolkit ,0,0,0,0,0,0,0
java ,0,0,0,0,0,0,0
interface ,0,0,0,0,0,0,0
parsing ,0,0,0,0,0,0,0
youtube ,0,0,0,0,0,0,0
javascript ,0,0,0,0,0,0,0
arrays ,0,0,0,0,0,0,0
ipad ,0,0,0,0,0,0,0
sdk ,0,0,0,0,0,0,0
metadata ,0,0,0,0,0,0,0
hash-function ,0,0,0,0,0,0,0
wikidata ,0,0,0,0,0,0,0
timestamp ,0,0,0,0,0,0,0
mozilla ,0,0,0,0,0,0,0
s ,0,0,0,0,0,0,0
analytics ,0,0,0,0,0,0,0
3d ,0,0,0,0,0,0,0
bluetooth ,0,0,0,0,0,0,0
message-passing ,0,0,0,0,0,0,0
visual-recognition ,0,0,0,0,0,0,0
mp3 ,0,0,0,0,0,0,0
wpf ,0,0,0,0,0,0,0
hybrid ,0,0,0,0,0,0,0
sas ,0,0,0,0,0,0,0
ndepend ,0,0,0,0,0,0,0
deserialization ,0,0,0,0,0,0,0
python ,0,0,0,0,0,0,0
scaling ,0,0,0,0,0,0,0
digits ,0,0,0,0,0,0,0
internet-explorer ,0,0,0,0,0,0,0
scalability ,0,0,0,0,0,0,0
libreoffice ,0,0,0,0,0,0,0
cross-platform ,0,0,0,0,0,0,0
convex-optimization ,0,0,0,0,0,0,0
interface ,0,0,0,0,0,0,0
load-data-infile ,0,0,0,0,0,0,0
alm ,0,0,0,0,0,0,0
http ,0,0,0,0,0,0,0
ruby ,0,0,0,0,0,0,0
spreadsheet ,0,0,0,0,0,0,0
codec ,0,0,0,0,0,0,0
tooltip ,0,0,0,0,0,0,0
lua ,0,0,0,0,0,0,0
ghc ,0,0,0,0,0,0,0
twitter ,0,0,0,0,0,0,0
sql ,0,0,0,0,0,0,0
convenience-methods ,0,0,0,0,0,0,0
cross-platform ,0,0,0,0,0,0,0
mongodb ,0,0,0,0,0,0,0
s ,0,0,0,0,0,0,0
url ,0,0,0,0,0,0,0
html ,0,0,0,0,0,0,0
wamp ,0,0,0,0,0,0,0
c++ ,0,0,0,0,0,0,0
graph-theory ,0,0,0,0,0,0,0
mongo-shell ,0,0,0,0,0,0,0
python ,0,0,0,0,0,0,0
java ,0,0,0,0,0,0,0
.net ,0,0,0,0,0,0,0
video ,0,0,0,0,0,0,0
clone ,0,0,0,0,0,0,0
perl ,0,0,0,0,0,0,0
nix ,0,0,0,0,0,0,0
backend ,0,0,0,0,0,0,0
spreadsheet ,0,0,0,0,0,0,0
database ,0,0,0,0,0,0,0
runtime ,0,0,0,0,0,0,0
hosting ,0,0,0,0,0,0,0
load-testing ,0,0,0,0,0,0,0
standard-library ,0,0,0,0,0,0,0
toolkit ,0,0,0,0,0,0,0
subclass ,0,0,0,0,0,0,0
iphone ,0,0,0,0,0,0,0
game-center ,0,0,0,0,0,0,0
couchdb ,0,0,0,0,0,0,0
client-side ,0,0,0,0,0,0,0
css ,0,0,0,0,0,0,0
game-engine ,0,0,0,0,0,0,0
scalability ,0,0,0,0,0,0,0
class-library ,0,0,0,0,0,0,0
android ,0,0,0,0,0,0,0
s ,0,0,0,0,0,0,0
audio ,0,0,0,0,0,0,0
ide ,0,0,0,0,0,0,0
youtube-data-api ,0,0,0,0,0,0,0
asp.net ,0,0,0,0,0,0,0
putchar ,0,0,0,0,0,0,0
implementation ,0,0,0,0,0,0,0
calculus ,0,0,0,0,0,0,0
wiki ,0,0,0,0,0,0,0
web-applications ,0,0,0,0,0,0,0
doozer ,0,0,0,0,0,0,0
authoring ,0,0,0,0,0,0,0
implementation ,0,0,0,0,0,0,0
sdk ,0,0,0,0,0,0,0
api ,0,0,0,0,0,0,0
server ,0,0,0,0,0,0,0
uinavigationbar ,0,0,0,0,0,0,0
server ,0,0,0,0,0,0,0
version-control ,0,0,0,0,0,0,0
video ,0,0,0,0,0,0,0
javascript-framework ,0,0,0,0,0,0,0
dronekit ,0,0,0,0,0,0,0
linux ,0,0,0,0,0,0,0
scripting ,0,0,0,0,0,0,0
interface ,0,0,0,0,0,0,0
authentication ,0,0,0,0,0,0,0
xamarin ,0,0,0,0,0,0,0
youtube-data-api ,0,0,0,0,0,0,0
grid ,0,0,0,0,0,0,0
objective-c ,0,0,0,0,0,0,0
lines-of-code ,0,0,0,0,0,0,0
development-environment ,0,0,0,0,0,0,0
.net ,0,0,0,0,0,0,0
sortable ,0,0,0,0,0,0,0
xml ,0,0,0,0,0,0,0
prototyping ,0,0,0,0,0,0,0
.net ,0,0,0,0,0,0,0
default ,0,0,0,0,0,0,0
relational-database ,0,0,0,0,0,0,0
haskell ,0,0,0,0,0,0,0
c++ ,0,0,0,0,0,0,0
wiki ,0,0,0,0,0,0,0
unix ,0,0,0,0,0,0,0
belongs-to ,0,0,0,0,0,0,0
query-planner ,0,0,0,0,0,0,0
keystroke ,0,0,0,0,0,0,0
data-analysis ,0,0,0,0,0,0,0
semantic-ui ,0,0,0,0,0,0,0
zerovm ,0,0,0,0,0,0,0
xmlhttprequest ,0,0,0,0,0,0,0
apache-storm ,0,0,0,0,0,0,0
jquery-layout ,0,0,0,0,0,0,0
xml ,0,0,0,0,0,0,0
ravendb ,0,0,0,0,0,0,0
rename ,0,0,0,0,0,0,0
boolean-algebra ,0,0,0,0,0,0,0
model-view ,0,0,0,0,0,0,0
networking ,0,0,0,0,0,0,0
facebook ,0,0,0,0,0,0,0
hadoop ,0,0,0,0,0,0,0
url ,0,0,0,0,0,0,0
scripting-language ,0,0,0,0,0,0,0
video ,0,0,0,0,0,0,0
machine-learning ,0,0,0,0,0,0,0
xml ,0,0,0,0,0,0,0
open-source ,0,0,0,0,0,0,0
open-source ,0,0,0,0,0,0,0
open-source ,0,0,0,0,0,0,0
read-write ,0,0,0,0,0,0,0
.net ,0,0,0,0,0,0,0
haskell ,0,0,0,0,0,0,0
malware ,0,0,0,0,0,0,0
sql-server ,0,0,0,0,0,0,0
odata ,0,0,0,0,0,0,0
api ,0,0,0,0,0,0,0
carousel ,0,0,0,0,0,0,0
google-earth ,0,0,0,0,0,0,0
css ,0,0,0,0,0,0,0
web-applications ,0,0,0,0,0,0,0
programming-languages ,0,0,0,0,0,0,0
continuous-integration ,0,0,0,0,0,0,0
ios ,0,0,0,0,0,0,0
scala ,0,0,0,0,0,0,0
java ,0,0,0,0,0,0,0
open-source ,0,0,0,0,0,0,0
widget ,0,0,0,0,0,0,0
uiresponder ,0,0,0,0,0,0,0
otp ,0,0,0,0,0,0,0
public-key ,0,0,0,0,0,0,0
tiff ,0,0,0,0,0,0,0
runtime ,0,0,0,0,0,0,0
sharepoint ,0,0,0,0,0,0,0
html5 ,0,0,0,0,0,0,0
python ,0,0,0,0,0,0,0
open-source ,0,0,0,0,0,0,0
heroku ,0,0,0,0,0,0,0
number-theory ,0,0,0,0,0,0,0
gerrit ,0,0,0,0,0,0,0
p2 ,0,0,0,0,0,0,0
unix ,0,0,0,0,0,0,0
uninstall ,0,0,0,0,0,0,0
belongs-to ,0,0,0,0,0,0,0
javascript ,0,0,0,0,0,0,0
exchange-server ,0,0,0,0,0,0,0
sql-server-2008 ,0,0,0,0,0,0,0
video ,0,0,0,0,0,0,0
data-mining ,0,0,0,0,0,0,0
command-line ,0,0,0,0,0,0,0
discriminated-union ,0,0,0,0,0,0,0
microservices ,0,0,0,0,0,0,0
api ,0,0,0,0,0,0,0
provider ,0,0,0,0,0,0,0
workflow ,0,0,0,0,0,0,0
unhandled-exception ,0,0,0,0,0,0,0
ios ,0,0,0,0,0,0,0
server ,0,0,0,0,0,0,0
qt ,0,0,0,0,0,0,0
s ,0,0,0,0,0,0,0
database ,0,0,0,0,0,0,0
header ,0,0,0,0,0,0,0
oop ,0,0,0,0,0,0,0
docx ,0,0,0,0,0,0,0
javafx ,0,0,0,0,0,0,0
biztalk ,0,0,0,0,0,0,0
sms ,0,0,0,0,0,0,0
implementation ,0,0,0,0,0,0,0
video ,0,0,0,0,0,0,0
social-networking ,0,0,0,0,0,0,0
php ,0,0,0,0,0,0,0
avasset ,0,0,0,0,0,0,0
geospatial ,0,0,0,0,0,0,0
css ,0,0,0,0,0,0,0
hosting ,0,0,0,0,0,0,0
dom ,0,0,0,0,0,0,0
desktop ,0,0,0,0,0,0,0
http ,0,0,0,0,0,0,0
android ,0,0,0,0,0,0,0
csv ,0,0,0,0,0,0,0
ios ,0,0,0,0,0,0,0
gerrit ,0,0,0,0,0,0,0
php ,0,0,0,0,0,0,0
uri ,0,0,0,0,0,0,0
web-api ,0,0,0,0,0,0,0
protocols ,0,0,0,0,0,0,0
data-transfer ,0,0,0,0,0,0,0
interface ,0,0,0,0,0,0,0
dib ,0,0,0,0,0,0,0
data-warehouse ,0,0,0,0,0,0,0
client-side ,0,0,0,0,0,0,0
ios ,0,0,0,0,0,0,0
graphics ,0,0,0,0,0,0,0
neo4j ,0,0,0,0,0,0,0
plugins ,0,0,0,0,0,0,0
css3 ,0,0,0,0,0,0,0
api ,0,0,0,0,0,0,0
message-channel ,0,0,0,0,0,0,0
audio ,0,0,0,0,0,0,0
ios ,0,0,0,0,0,0,0
oracle ,0,0,0,0,0,0,0
security-testing ,0,0,0,0,0,0,0
emr ,0,0,0,0,0,0,0
apache-spark ,0,0,0,0,0,0,0
user ,0,0,0,0,0,0,0
thumbnails ,0,0,0,0,0,0,0
gradle ,0,0,0,0,0,0,0
open-source ,0,0,0,0,0,0,0
ado.net ,0,0,0,0,0,0,0
tabs ,0,0,0,0,0,0,0
.net ,0,0,0,0,0,0,0
video ,0,0,0,0,0,0,0
3d ,0,0,0,0,0,0,0
cakephp ,0,0,0,0,0,0,0
d3.js ,0,0,0,0,0,0,0
uitextfielddelegate ,0,0,0,0,0,0,0
networking ,0,0,0,0,0,0,0
java ,0,0,0,0,0,0,0
ios ,0,0,0,0,0,0,0
s ,0,0,0,0,0,0,0
csv ,0,0,0,0,0,0,0
subset ,0,0,0,0,0,0,0
wcf ,0,0,0,0,0,0,0
workflow ,0,0,0,0,0,0,0
ajax ,0,0,0,0,0,0,0
npm ,0,0,0,0,0,0,0
middleware ,0,0,0,0,0,0,0
graphics ,0,0,0,0,0,0,0
linux ,0,0,0,0,0,0,0
grid ,0,0,0,0,0,0,0
django ,0,0,0,0,0,0,0
javascript ,0,0,0,0,0,0,0
multiplatform ,0,0,0,0,0,0,0
code-review ,0,0,0,0,0,0,0
database ,0,0,0,0,0,0,0
pc ,0,0,0,0,0,0,0
s ,0,0,0,0,0,0,0
server ,0,0,0,0,0,0,0
coding-style ,0,0,0,0,0,0,0
java ,0,0,0,0,0,0,0
api ,0,0,0,0,0,0,0
php ,0,0,0,0,0,0,0
p2 ,0,0,0,0,0,0,0
wrapper ,0,0,0,0,0,0,0
cpu-registers ,0,0,0,0,0,0,0
middleware ,0,0,0,0,0,0,0
customization ,0,0,0,0,0,0,0
node.js ,0,0,0,0,0,0,0
nginx ,0,0,0,0,0,0,0
geocoding ,0,0,0,0,0,0,0
http ,0,0,0,0,0,0,0
jquery ,0,0,0,0,0,0,0
mysql ,0,0,0,0,0,0,0
interface ,0,0,0,0,0,0,0
icalendar ,0,0,0,0,0,0,0
jquery ,0,0,0,0,0,0,0
server ,0,0,0,0,0,0,0
activerecord ,0,0,0,0,0,0,0
fonts ,0,0,0,0,0,0,0
s ,0,0,0,0,0,0,0
python ,0,0,0,0,0,0,0
ruby ,0,0,0,0,0,0,0
interface ,0,0,0,0,0,0,0
vtiger ,0,0,0,0,0,0,0
twitter ,0,0,0,0,0,0,0
dom ,0,0,0,0,0,0,0
scala ,0,0,0,0,0,0,0
jquery ,0,0,0,0,0,0,0
laravel ,0,0,0,0,0,0,0
database ,0,0,0,0,0,0,0
jsse ,0,0,0,0,0,0,0
wsdl ,0,0,0,0,0,0,0
jsp ,0,0,0,0,0,0,0
concurrency ,0,0,0,0,0,0,0
uss ,0,0,0,0,0,0,0
client-side ,0,0,0,0,0,0,0
php ,0,0,0,0,0,0,0
openlayers ,0,0,0,0,0,0,0
server ,0,0,0,0,0,0,0
cpu ,0,0,0,0,0,0,0
redux ,0,0,0,0,0,0,0
node.js ,0,0,0,0,0,0,0
lightbox ,0,0,0,0,0,0,0
html ,0,0,0,0,0,0,0
executable ,0,0,0,0,0,0,0
qt ,0,0,0,0,0,0,0
printers ,0,0,0,0,0,0,0
clojure ,0,0,0,0,0,0,0
api ,0,0,0,0,0,0,0
stack-overflow ,0,0,0,0,0,0,0
desktop ,0,0,0,0,0,0,0
libjpeg-turbo ,0,0,0,0,0,0,0
listview ,0,0,0,0,0,0,0
media-player ,0,0,0,0,0,0,0
.net ,0,0,0,0,0,0,0
html ,0,0,0,0,0,0,0
dataset ,0,0,0,0,0,0,0
matrix ,0,0,0,0,0,0,0
http-1.1 ,0,0,0,0,0,0,0
javascript ,0,0,0,0,0,0,0
c++ ,0,0,0,0,0,0,0
optimization ,0,0,0,0,0,0,0
sql-server ,0,0,0,0,0,0,0
java-api ,0,0,0,0,0,0,0
database ,0,0,0,0,0,0,0
ruby ,0,0,0,0,0,0,0
machine-learning ,0,0,0,0,0,0,0
ddp ,0,0,0,0,0,0,0
widget ,0,0,0,0,0,0,0
c++ ,0,0,0,0,0,0,0
user ,0,0,0,0,0,0,0
deprecated ,0,0,0,0,0,0,0
windows-services ,0,0,0,0,0,0,0
command-line ,0,0,0,0,0,0,0
viewport ,0,0,0,0,0,0,0
open-source ,0,0,0,0,0,0,0
embed ,0,0,0,0,0,0,0
javascript ,0,0,0,0,0,0,0
samsung-mobile ,0,0,0,0,0,0,0
open-source ,0,0,0,0,0,0,0
browser-extension ,0,0,0,0,0,0,0
archive ,0,0,0,0,0,0,0
powershell ,0,0,0,0,0,0,0
perl ,0,0,0,0,0,0,0
java ,0,0,0,0,0,0,0
javascript ,0,0,0,0,0,0,0
arrays ,0,0,0,0,0,0,0
server ,0,0,0,0,0,0,0
django ,0,0,0,0,0,0,0
amazon-web-services ,0,0,0,0,0,0,0
upload ,0,0,0,0,0,0,0
audio-player ,0,0,0,0,0,0,0
modeling ,0,0,0,0,0,0,0
cors ,0,0,0,0,0,0,0
jmeter ,0,0,0,0,0,0,0
character-encoding ,0,0,0,0,0,0,0
xunit ,0,0,0,0,0,0,0
dialog ,0,0,0,0,0,0,0
solr ,0,0,0,0,0,0,0
http ,0,0,0,0,0,0,0
rational-numbers ,0,0,0,0,0,0,0
linux ,0,0,0,0,0,0,0
hfs ,0,0,0,0,0,0,0
robotics ,0,0,0,0,0,0,0
wireless ,0,0,0,0,0,0,0
qt ,0,0,0,0,0,0,0
implementation ,0,0,0,0,0,0,0
s ,0,0,0,0,0,0,0
apache-spark-1.5 ,0,0,0,0,0,0,0
operating-system ,0,0,0,0,0,0,0
interface ,0,0,0,0,0,0,0
dom ,0,0,0,0,0,0,0
operating-system ,0,0,0,0,0,0,0
slickgrid ,0,0,0,0,0,0,0
google-earth ,0,0,0,0,0,0,0
http ,0,0,0,0,0,0,0
delphi ,0,0,0,0,0,0,0
api ,0,0,0,0,0,0,0
interface ,0,0,0,0,0,0,0
database ,0,0,0,0,0,0,0
java ,0,0,0,0,0,0,0
interface ,0,0,0,0,0,0,0
raspberry-pi ,0,0,0,0,0,0,0
javascript ,0,0,0,0,0,0,0
wordpress ,0,0,0,0,0,0,0
maven ,0,0,0,0,0,0,0
lgpl ,0,0,0,0,0,0,0
entity-framework ,0,0,0,0,0,0,0
xpath ,0,0,0,0,0,0,0
business-process ,0,0,0,0,0,0,0
unicode ,0,0,0,0,0,0,0
asp-classic ,0,0,0,0,0,0,0
zero-copy ,0,0,0,0,0,0,0
html ,0,0,0,0,0,0,0
android ,0,0,0,0,0,0,0
rsync ,0,0,0,0,0,0,0
jquery ,0,0,0,0,0,0,0
archive ,0,0,0,0,0,0,0
drag-and-drop ,0,0,0,0,0,0,0
nix ,0,0,0,0,0,0,0
deflate ,0,0,0,0,0,0,0
php ,0,0,0,0,0,0,0
pc ,0,0,0,0,0,0,0
goodness-of-fit ,0,0,0,0,0,0,0
delphi ,0,0,0,0,0,0,0
executable ,0,0,0,0,0,0,0
template-engine ,0,0,0,0,0,0,0
http ,0,0,0,0,0,0,0
mkpolygon ,0,0,0,0,0,0,0
markup ,0,0,0,0,0,0,0
data-structures ,0,0,0,0,0,0,0
s ,0,0,0,0,0,0,0
referential ,0,0,0,0,0,0,0
asp.net ,0,0,0,0,0,0,0
firefox ,0,0,0,0,0,0,0
database ,0,0,0,0,0,0,0
dom ,0,0,0,0,0,0,0
s ,0,0,0,0,0,0,0
data-stream ,0,0,0,0,0,0,0
open-source ,0,0,0,0,0,0,0
redis ,0,0,0,0,0,0,0
converter ,0,0,0,0,0,0,0
zsh ,0,0,0,0,0,0,0
xml ,0,0,0,0,0,0,0
oauth ,0,0,0,0,0,0,0
interface ,0,0,0,0,0,0,0
pthread-join ,0,0,0,0,0,0,0
s ,0,0,0,0,0,0,0
unity3d ,0,0,0,0,0,0,0
upsert ,0,0,0,0,0,0,0
biztalk-deployment ,0,0,0,0,0,0,0
activerecord ,0,0,0,0,0,0,0
typekit ,0,0,0,0,0,0,0
modelica ,0,0,0,0,0,0,0
s ,0,0,0,0,0,0,0
code-complete ,0,0,0,0,0,0,0
hosting ,0,0,0,0,0,0,0
audio ,0,0,0,0,0,0,0
android ,0,0,0,0,0,0,0
sorting ,0,0,0,0,0,0,0
qt ,0,0,0,0,0,0,0
desktop ,0,0,0,0,0,0,0
html ,0,0,0,0,0,0,0
cloud-storage ,0,0,0,0,0,0,0
occi ,0,0,0,0,0,0,0
real-time ,0,0,0,0,0,0,0
iot ,0,0,0,0,0,0,0
build-process ,0,0,0,0,0,0,0
ibm-watson ,0,0,0,0,0,0,0
standard-library ,0,0,0,0,0,0,0
web-services ,0,0,0,0,0,0,0
css ,0,0,0,0,0,0,0
dxt ,0,0,0,0,0,0,0
database ,0,0,0,0,0,0,0
plural ,0,0,0,0,0,0,0
object-model ,0,0,0,0,0,0,0
jetbrains ,0,0,0,0,0,0,0
dom ,0,0,0,0,0,0,0
xml ,0,0,0,0,0,0,0
hierarchical-data ,0,0,0,0,0,0,0
website ,0,0,0,0,0,0,0
ms-word ,0,0,0,0,0,0,0
operating-system ,0,0,0,0,0,0,0
relational-database ,0,0,0,0,0,0,0
html ,0,0,0,0,0,0,0
decoding ,0,0,0,0,0,0,0
prolog ,0,0,0,0,0,0,0
ios ,0,0,0,0,0,0,0
s ,0,0,0,0,0,0,0
implementation ,0,0,0,0,0,0,0
wireless ,0,0,0,0,0,0,0
eclipse ,0,0,0,0,0,0,0
database ,0,0,0,0,0,0,0
module ,0,0,0,0,0,0,0
incoming-call ,0,0,0,0,0,0,0
polymorphism ,0,0,0,0,0,0,0
kqueue ,0,0,0,0,0,0,0
internationalization ,0,0,0,0,0,0,0
default ,0,0,0,0,0,0,0
implementation ,0,0,0,0,0,0,0
networking ,0,0,0,0,0,0,0
database ,0,0,0,0,0,0,0
file-management ,0,0,0,0,0,0,0
pixel-density ,0,0,0,0,0,0,0
subset ,0,0,0,0,0,0,0
masstransit ,0,0,0,0,0,0,0
object-construction ,0,0,0,0,0,0,0
formsy-react ,0,0,0,0,0,0,0
chromium-embedded ,0,0,0,0,0,0,0
html5 ,0,0,0,0,0,0,0
real-time ,0,0,0,0,0,0,0
programming-languages ,0,0,0,0,0,0,0
windows-phone-store ,0,0,0,0,0,0,0
operating-system ,0,0,0,0,0,0,0
programming-languages ,0,0,0,0,0,0,0
32-bit ,0,0,0,0,0,0,0
javascript ,0,0,0,0,0,0,0
u2 ,0,0,0,0,0,0,0
rakudo ,0,0,0,0,0,0,0
windows-mobile ,0,0,0,0,0,0,0
user ,0,0,0,0,0,0,0
implementation ,0,0,0,0,0,0,0
xbox-music ,0,0,0,0,0,0,0
amazon-web-services ,0,0,0,0,0,0,0
server ,0,0,0,0,0,0,0
java ,0,0,0,0,0,0,0
rpc ,0,0,0,0,0,0,0
android ,0,0,0,0,0,0,0
vb.net ,0,0,0,0,0,0,0
progress-4gl ,0,0,0,0,0,0,0
web-applications ,0,0,0,0,0,0,0
web-applications ,0,0,0,0,0,0,0
video ,0,0,0,0,0,0,0
iis ,0,0,0,0,0,0,0
encryption ,0,0,0,0,0,0,0
formatting ,0,0,0,0,0,0,0
hybrid ,0,0,0,0,0,0,0
server ,0,0,0,0,0,0,0
pdf ,0,0,0,0,0,0,0
windows-embedded ,0,0,0,0,0,0,0
activemodel ,0,0,0,0,0,0,0
pixels ,0,0,0,0,0,0,0
quicksort ,0,0,0,0,0,0,0
annotations ,0,0,0,0,0,0,0
missing-data ,0,0,0,0,0,0,0
javascript ,0,0,0,0,0,0,0
debugging ,0,0,0,0,0,0,0
user ,0,0,0,0,0,0,0
smalltalk ,0,0,0,0,0,0,0
user ,0,0,0,0,0,0,0
.net ,0,0,0,0,0,0,0
python ,0,0,0,0,0,0,0
video ,0,0,0,0,0,0,0
finite-field ,0,0,0,0,0,0,0
interface ,0,0,0,0,0,0,0
clojure ,0,0,0,0,0,0,0
content-management-system ,0,0,0,0,0,0,0
xt ,0,0,0,0,0,0,0
windows-7 ,0,0,0,0,0,0,0
ios ,0,0,0,0,0,0,0
activex ,0,0,0,0,0,0,0
standard-library ,0,0,0,0,0,0,0
jvm ,0,0,0,0,0,0,0
java ,0,0,0,0,0,0,0
dom ,0,0,0,0,0,0,0
video ,0,0,0,0,0,0,0
exchange-server-2016 ,0,0,0,0,0,0,0
open-source ,0,0,0,0,0,0,0
alm ,0,0,0,0,0,0,0
odata ,0,0,0,0,0,0,0
postgresql ,0,0,0,0,0,0,0
ruby ,0,0,0,0,0,0,0
metrics ,0,0,0,0,0,0,0
sharepoint ,0,0,0,0,0,0,0
mobile-phones ,0,0,0,0,0,0,0
commit-message ,0,0,0,0,0,0,0